id,domain,status,purchase_price,renewal_price,attractiveness,demand,length,registrar,created_at,expires_at,status_verified_at
0e76becf-07d9-4743-8fe2-eeee38dd1ab7,costs.menu,available,27.99,27.99,high,low,5,namesilo,,,
793228cb-6037-4604-84f8-def3f7442fff,hospitable.menu,available,27.99,27.99,high,low,10,namesilo,,,21/08/2026 14:16
4c4c414b-e58d-4f42-b593-d74cc4757a2a,apostasy.menu,available,34.98,38.98,medium,low,8,namecheap,,,19/09/2026 19:16
e6d7d78d-d567-4f32-b096-65f006d7c2b9,eight.menu,available,27.99,27.99,high,low,5,namesilo,,,21/09/2026 13:20
cc74fa89-9f47-4bc4-8cd1-7321eaa91bfe,finis.menu,available,27.99,27.99,high,low,5,namesilo,,,12/08/2026 12:06
f93e1d70-293c-47ff-8b3e-83443b903b32,achene.menu,available,27.99,27.99,medium,low,6,namesilo,,,17/09/2026 00:28
3661f3c8-c8f5-4589-a833-385d95aaba49,aestival.menu,available,27.99,27.99,medium,low,8,namesilo,,,
fce07be2-83bc-4076-a3c2-d409b78a2017,keeps.menu,available,34.98,38.98,high,low,5,namecheap,,,25/09/2026 19:06
7621c903-7b06-4ca1-892f-a48d94972cd3,teachers.menu,available,34.98,38.98,high,low,8,namecheap,,,18/09/2026 18:31
46eec2ec-80d2-45d4-bd65-532ce76c1daa,chance.menu,available,27.99,27.99,high,low,6,namesilo,,,23/09/2026 13:44
007aa34b-82d4-4689-8369-c6ec202fb0a5,memorize.menu,available,27.99,27.99,high,low,8,namesilo,,,
c33dda2a-4d9f-4372-a291-7c6336114f1f,marx.menu,available,27.99,27.99,high,low,4,namesilo,,,20/09/2026 11:00
dc3ec59f-5221-4f85-a13d-466b08bd342c,cap.menu,available,,,high,low,3,,,,
931e2455-e49f-47dd-b1d7-ae18ee52fd7f,locomotive.menu,available,27.99,27.99,high,low,10,namesilo,,,24/08/2026 08:48
5d696da3-acb7-482e-82d8-c9a01dc70b50,unlogical.menu,available,34.98,38.98,low,low,9,namecheap,,,21/08/2026 20:07
a242d79b-c996-4da9-97f5-83e3f4f38699,blowy.menu,available,27.99,27.99,medium,low,5,namesilo,,,10/08/2026 15:47
812984cf-1a61-4eef-869b-b0722c9478dd,masked.menu,available,27.99,27.99,high,low,6,namesilo,,,12/08/2026 11:32
f083916d-9d07-4db6-b7ba-e16fb467f23a,accipiter.menu,available,27.99,27.99,medium,low,9,namesilo,,,16/09/2026 22:29
d0748bb1-df2f-492d-9226-4092c8d7b3f9,gloaming.menu,available,27.99,27.99,medium,low,8,namesilo,,,11/09/2026 21:41
6a3275ef-01c6-4376-af3f-175fde295db8,detected.menu,available,27.99,27.99,high,low,8,namesilo,,,24/09/2026 07:30
2d27efcd-2ca1-4f71-9924-d2eff95a0264,seventeen.menu,available,27.99,27.99,high,medium,9,namesilo,,,19/09/2026 06:27
c6a0a65b-1060-4b48-be32-b6a34c4f6a66,redness.menu,available,27.99,27.99,high,medium,7,namesilo,,,09/09/2026 12:08
3d4b0026-7902-409c-b888-aa6fba2e7f26,nobble.menu,available,27.99,27.99,medium,low,6,namesilo,,,14/09/2026 07:56
fedae1c4-a9b3-4b74-9408-ba981a1ab3a8,philistine.menu,available,27.99,27.99,medium,low,10,namesilo,,,
3840b4d5-7b0f-4d16-8662-a9268426ccc1,apprentice.menu,available,27.99,27.99,high,low,10,namesilo,,,19/09/2026 22:15
98cf3e32-d439-4858-8915-646aae6e6249,holiday.menu,available,,,high,low,7,,,,
b54a7ac3-77e5-4dcf-a77f-faad70d1c598,marduk.menu,available,27.99,27.99,high,low,6,namesilo,,,21/09/2026 12:06
9cdcdd85-0bf1-4ba4-ae58-b82726902296,falsely.menu,available,27.99,27.99,medium,low,7,namesilo,,,14/09/2026 17:35
f6e26140-65a0-4a14-94b2-ef187637eede,maddened.menu,available,27.99,27.99,medium,low,8,namesilo,,,
41850930-87c7-470d-84f4-b5f243b60ead,sanitised.menu,available,34.98,38.98,high,medium,9,namecheap,,,09/09/2026 21:18
34970337-e1f7-4537-bea5-7bbdf1d63c5d,colonic.menu,available,27.99,27.99,medium,low,7,namesilo,,,12/08/2026 17:22
d63f0e67-7298-4a61-8673-c66667766b49,arulo.menu,available,27.99,27.99,medium,low,5,namesilo,,,20/09/2026 12:11
0a4ac4c3-e869-4975-8c26-edb8c0b26104,calico.menu,available,27.99,27.99,high,low,6,namesilo,,,11/08/2026 14:19
88fc143e-a70c-45b9-86e1-beece9f35223,rebound.menu,available,27.99,27.99,high,low,7,namesilo,,,21/09/2026 15:40
adb9dbf1-d4b4-4660-b905-bff52cf991c6,proscribed.menu,available,27.99,27.99,medium,low,10,namesilo,,,18/08/2026 11:01
172b9e45-d2df-4f91-9816-c0ee062405f3,chelate.menu,available,27.99,27.99,medium,low,7,namesilo,,,12/08/2026 04:03
0cb926aa-ac24-4b07-a503-4e64875a17a1,outsized.menu,available,27.99,27.99,medium,low,8,namesilo,,,04/09/2026 19:40
1bf21965-19b1-4a63-b3ee-dfa15dd893d0,mimic.menu,available,27.99,27.99,high,low,5,namesilo,,,24/08/2026 23:29
8dc6f0e7-5f2b-4bc6-883a-c4250ca5c4bb,zhang.menu,available,27.99,27.99,high,low,5,namesilo,,,25/09/2026 15:58
ee247f7d-c8ef-4abd-b19e-ee5937d6d131,semifinal.menu,available,27.99,27.99,high,low,10,namesilo,,,16/09/2026 09:45
66f1c3ad-5e73-48a9-aac2-493eaab1de60,panoptic.menu,available,34.98,38.98,medium,low,8,namecheap,,,
fe496dca-98bf-4b96-ae71-a537464b720e,spam.menu,available,27.99,27.99,high,low,4,namesilo,,,
e5aeb5db-c49a-44a4-86b3-25f9c16df7e2,convoluted.menu,available,27.99,27.99,medium,low,10,namesilo,,,12/08/2026 23:59
b62262fe-728e-4974-9204-8f37ec7e3268,niggers.menu,available,27.99,27.99,low,low,7,namesilo,,,16/09/2026 14:20
d2e956de-8a96-4758-9df6-297e55e9c2be,chart.menu,available,27.99,27.99,high,low,5,namesilo,,,
3d1f1ed0-9cab-4be5-954f-4783ee2bafa2,pronghorn.menu,available,34.98,38.98,medium,low,9,namecheap,,,18/09/2026 19:07
bd7d6da7-b176-4278-a995-5c5f765b17eb,comfortable.menu,available,44.99,46.99,high,low,11,name.com,,,26/09/2026 00:46
88c9ee6c-9592-4209-8d6f-24d18027019a,scribe.menu,available,27.99,27.99,high,low,6,namesilo,,,21/09/2026 03:59
dd885bdd-a15b-4720-b565-e4e3de3ce178,obnoxious.menu,available,27.99,27.99,medium,low,9,namesilo,,,03/09/2026 23:32
fbf6d2e4-7fba-40a9-be0b-74f8120ba393,dowry.menu,available,44.99,46.99,high,low,5,name.com,,,24/09/2026 23:36
666d61e2-105e-4f12-abfb-8c2080567bb9,granddad.menu,available,38.98,,high,low,8,namecheap,,,
16690c8f-39bd-4422-95b9-60c6ef96c893,cindy.menu,available,27.99,27.99,high,low,5,namesilo,,,
35668bb3-fc5c-4e05-967c-498c59751c78,vertebral.menu,available,27.99,27.99,medium,low,9,namesilo,,,13/09/2026 04:33
ca23ac6a-96f5-49a9-8141-8ced2fbda414,sands.menu,available,27.99,27.99,high,low,5,namesilo,,,24/08/2026 07:38
87365a44-ec3f-407c-a771-07b6f4285a98,con.menu,available,,,high,low,3,,,,
01e395dd-e9b4-4f86-801d-6e655acfbb66,sulky.menu,available,27.99,27.99,medium,low,5,namesilo,,,20/08/2026 14:46
763126f0-431e-40b2-92d9-2cd0fefcb93e,refer.menu,available,27.99,27.99,high,low,5,namesilo,,,24/09/2026 15:03
0b9e838b-ec2c-4a3f-9215-38542c653c0a,markedly.menu,available,27.99,27.99,medium,low,8,namesilo,,,15/09/2026 13:31
57103336-8d87-458d-a6d7-8a4f19a55584,whose.menu,available,27.99,27.99,high,low,5,namesilo,,,
5b3ff35c-9931-4726-827e-84fedc35c92c,serene.menu,available,27.99,27.99,high,low,6,namesilo,,,11/08/2026 14:51
3db69ce4-8c96-42a5-9ee3-468157407520,guerilla.menu,available,27.99,27.99,high,low,8,namesilo,,,22/08/2026 10:15
97f8f8ad-5938-4458-a4b9-3d5635f3e396,doting.menu,available,27.99,27.99,high,low,6,namesilo,,,14/08/2026 16:28
9841990c-c70f-4b7b-9fe6-eaec58d2acb4,roiling.menu,available,34.98,38.98,medium,low,7,namecheap,,,09/09/2026 18:16
b819df62-babd-427c-a5db-6570f88fd411,messenger.menu,available,27.99,27.99,high,low,9,namesilo,,,24/09/2026 18:45
e71770db-549f-4c6c-9c3a-d7b588216bf3,humorous.menu,available,27.99,27.99,high,low,8,namesilo,,,25/09/2026 06:35
5e3c267f-2982-4005-a3a3-84dc9ed8e340,acarus.menu,available,34.98,38.98,medium,low,6,namecheap,,,16/09/2026 21:38
d1722cb0-6d18-4477-8f67-190294312d75,supervisor.menu,available,27.99,27.99,high,low,10,namesilo,,,
abd67dc5-6521-4ccc-963c-940ed83c74fb,awny.menu,available,27.99,27.99,medium,low,4,namesilo,,,08/08/2026 01:25
6658de9d-2399-4b10-922e-8c5aa0d442e4,clam.menu,available,,,high,low,4,,,,
ff6b67af-5741-4d2f-8ebe-1efeceefff9b,solicitous.menu,available,27.99,27.99,medium,low,10,namesilo,,,10/09/2026 13:39
4663f8fe-8db9-4ad3-bb73-12acf29bcde9,tempers.menu,available,27.99,27.99,medium,low,7,namesilo,,,20/09/2026 14:00
b00ac483-7be5-4b2e-8c24-feb7d2e9c29f,centrally.menu,available,27.99,27.99,medium,low,9,namesilo,,,14/09/2026 06:13
87ac501b-5faf-4f38-a130-0c8c8c68055e,tenebrous.menu,available,27.99,27.99,medium,low,9,namesilo,,,11/09/2026 11:19
eb9a3f32-8baf-48f0-a782-e0320f0fde56,unopposed.menu,available,27.99,27.99,medium,low,9,namesilo,,,12/09/2026 16:16
3f4d66a5-22fc-4380-b5b9-1413da1052cd,divisible.menu,available,27.99,27.99,high,low,9,namesilo,,,14/08/2026 13:57
94e451af-0fa1-4be7-b2ee-5fea52fcc90e,duplicity.menu,available,27.99,27.99,medium,low,9,namesilo,,,14/08/2026 16:52
9fa8a8ed-b55a-4d39-87be-a5fdcf9116b1,upcoming.menu,available,27.99,27.99,high,low,8,namesilo,,,06/08/2026 08:39
482704a8-9c6e-4e07-a98a-57b4c03c7a61,rejoicing.menu,available,27.99,27.99,high,low,9,namesilo,,,17/08/2026 19:50
ffd266ee-3c65-4718-bf11-4c95fddd83f0,rely.menu,available,27.99,27.99,high,low,4,namesilo,,,
3b196c29-a7e5-4fd9-b2ad-6e0a3ed85612,exulting.menu,available,34.98,38.98,high,low,8,namecheap,,,17/08/2026 19:44
97b63b78-5dea-44b0-96f1-6f852ce55e64,racy.menu,available,34.98,38.98,high,low,4,namecheap,,,18/08/2026 18:00
0406e1e8-df14-4454-b9a5-c17e75475838,mutely.menu,available,27.99,27.99,medium,low,6,namesilo,,,15/09/2026 15:47
8ec29c4e-8a6f-4057-a9c4-a03c3cac0424,machines.menu,available,34.98,38.98,high,low,8,namecheap,,,24/09/2026 13:52
f58698bc-5add-4933-87a9-40226be3d7cb,motorsport.menu,available,27.99,27.99,high,low,10,namesilo,,,17/09/2026 06:38
3e71ca58-2164-4bd8-b337-7bebfa5edc95,confusion.menu,available,27.99,27.99,high,low,9,namesilo,,,
624b1162-4f95-4b44-8e21-4616f4d17f17,banter.menu,available,27.99,27.99,high,low,6,namesilo,,,22/08/2026 13:53
45301d68-0fcd-40de-b14d-a6382a3eec3e,other.menu,available,27.99,27.99,high,low,5,namesilo,,,26/09/2026 00:34
11b73786-91b7-47b8-a647-cddbb0c67037,debile.menu,available,44.99,46.99,medium,low,6,name.com,,,13/08/2026 20:28
af390e67-76da-4ac3-903a-7d4129e63ac9,bitmap.menu,available,34.98,38.98,high,low,6,namecheap,,,23/09/2026 22:40
6b549da0-450f-47ab-a286-e8e833980a01,olivier.menu,available,27.99,27.99,high,low,7,namesilo,,,22/09/2026 07:16
f17571a9-1b79-4ac5-86b9-4127a9517d7a,surmisable.menu,available,27.99,27.99,high,medium,10,namesilo,,,09/09/2026 01:47
b057ae8b-a1f9-435c-81b9-77354705b9db,apology.menu,available,38.98,,high,low,7,namecheap,,,
cc359dc4-ec8f-4eac-bc6a-0be5254df1e6,pigfish.menu,available,27.99,27.99,medium,low,7,namesilo,,,17/09/2026 00:46
68233fff-a96a-4bd5-b883-54a4c81c0d1b,xxxviii.menu,available,27.99,27.99,medium,low,7,namesilo,,,
3cb6715b-33e0-4d52-b917-f48dc0836c40,toothcare.menu,available,38.98,,medium,low,9,namecheap,,,
3d4778b3-94e5-4c73-aefb-47e71adfedba,carol.menu,available,27.99,27.99,high,low,5,namesilo,,,24/09/2026 13:02
4d01ba5c-1acc-49d0-b267-f80845bcd579,generations.menu,available,44.99,46.99,medium,low,11,name.com,,,17/09/2026 19:20
ec5f9602-654d-4786-a876-47c624521fa7,sunken.menu,available,27.99,27.99,medium,low,6,namesilo,,,13/08/2026 22:55
e0ea2f5f-bbf1-42d6-b8ac-0c8e10edb726,bronze.menu,available,27.99,27.99,high,low,6,namesilo,,,23/09/2026 09:58
56fdc306-015e-4377-afde-bfe58ad4924b,futuristic.menu,available,34.98,38.98,high,low,10,namecheap,,,18/08/2026 19:17
c5342af3-4939-4a22-a22c-f7995b312a09,pugnacious.menu,available,27.99,27.99,medium,low,10,namesilo,,,21/08/2026 00:21
7154efd8-4d3c-438d-aaba-3346ccb6e28d,bata.menu,available,34.98,38.98,medium,low,4,namecheap,,,22/09/2026 13:09
5bb3a1f6-d8ae-4bb7-9a4a-3f106123b8ce,soon.menu,available,27.99,27.99,high,low,4,namesilo,,,
eb3fd4b2-8b8b-420d-81e1-2a69ea8ad0fc,limber.menu,available,27.99,27.99,high,low,6,namesilo,,,23/08/2026 11:08
7bd9ad12-dde5-4bdb-b8ad-b95a8d45d8dc,astounded.menu,available,34.98,38.98,high,low,9,namecheap,,,22/09/2026 03:42
238c9bca-3c7a-41ff-9922-b09a38b1d8a3,eurasian.menu,available,27.99,27.99,high,low,8,namesilo,,,17/08/2026 14:26
33f40591-8499-47ff-829d-e30397def8b5,torrential.menu,available,34.98,38.98,medium,low,10,namecheap,,,11/09/2026 17:57
da817f41-0934-4d66-adcd-77a444a094bc,trusting.menu,available,27.99,27.99,high,low,8,namesilo,,,11/09/2026 20:47
0b2701e0-20a6-4445-abc2-8b9957c20b1c,retiring.menu,available,38.98,,high,low,8,namecheap,,,
24c2bde0-752c-46ea-be7c-75a4554a8cae,abor.menu,available,27.99,27.99,medium,low,4,namesilo,,,16/09/2026 16:36
9cb64820-49e9-4d1f-bd84-9d8001654f67,azotic.menu,available,27.99,27.99,medium,low,6,namesilo,,,08/08/2026 02:53
d749c62d-879f-461a-a3e9-04b13dac1828,favored.menu,available,34.98,38.98,high,low,7,namecheap,,,22/09/2026 20:01
4be6d91a-514d-47dc-9924-5b1be8e73a92,apercu.menu,available,27.99,27.99,medium,low,6,namesilo,,,19/09/2026 16:30
d2decbbf-df8f-4d33-a6ff-32862a34977c,fettered.menu,available,27.99,27.99,medium,low,8,namesilo,,,18/08/2026 02:54
8211237e-cab3-4a4a-ae4c-6ad8751900f5,ibanking.menu,available,27.99,27.99,medium,low,9,namesilo,,,20/09/2026 00:37
b85e5e7b-5ea2-43d0-bf45-9585e41886f0,totalizer.menu,available,27.99,27.99,medium,low,9,namesilo,,,17/09/2026 06:58
f6f022ef-f07d-4464-9991-0bd451785d18,performing.menu,available,34.98,38.98,high,low,10,namecheap,,,
8127fd8c-2425-4174-b4a1-f5ef1b04d73e,bronzy.menu,available,27.99,27.99,medium,low,6,namesilo,,,11/08/2026 05:39
18229f5d-b4c1-4b00-aae9-1aa91e81245a,economy.menu,available,,,high,low,7,,,,
7821b2fa-3937-4ad1-b456-18d7df2b0f01,fulgurant.menu,available,44.99,46.99,medium,low,9,name.com,,,13/08/2026 18:59
b91f3706-d6fe-4758-b49e-1e9e88857898,thoughtless.menu,available,27.99,27.99,medium,low,11,namesilo,,,
841bc5b6-6583-4ed4-908f-4912f56e376b,abstractly.menu,available,27.99,27.99,medium,low,10,namesilo,,,13/09/2026 16:42
c2d4e7bf-c41c-4318-91cf-e3a05be4ca09,nasal.menu,available,27.99,27.99,medium,low,5,namesilo,,,03/09/2026 13:33
1ed124ff-e54e-46d2-adcf-8423599ce64e,tippy.menu,available,27.99,27.99,medium,low,5,namesilo,,,13/08/2026 04:55
ff4493a0-29f2-4482-9888-4082816b817d,remarkable.menu,available,27.99,27.99,high,low,10,namesilo,,,09/09/2026 13:42
9db5b654-388d-4999-8b93-cf98318ab4bd,revenue.menu,available,27.99,27.99,high,low,7,namesilo,,,
3fd81769-cc71-42ca-92fb-7a46c85cdb4b,decides.menu,available,27.99,27.99,medium,low,7,namesilo,,,20/09/2026 06:39
9b50d8ac-eccb-41bb-8daa-fe5e0ea5c085,oncologic.menu,available,27.99,27.99,medium,low,9,namesilo,,,04/09/2026 14:25
52c85f53-880a-40bd-a1a4-f4de34a1071b,fought.menu,available,27.99,27.99,medium,low,6,namesilo,,,
eb47187c-973d-46de-bb07-7104caedc3a9,bolshie.menu,available,34.98,38.98,medium,low,7,namecheap,,,10/08/2026 17:55
89c42906-912c-48d6-9b41-71c345098dd7,arithmancy.menu,available,27.99,27.99,medium,low,10,namesilo,,,20/09/2026 06:00
5fa70fb1-b375-4b62-82ff-90a4571b9aad,residue.menu,available,27.99,27.99,high,low,7,namesilo,,,09/09/2026 15:05
93e1ee72-6a54-4846-b0cf-52f68177c478,sibylline.menu,available,27.99,27.99,medium,low,9,namesilo,,,11/08/2026 12:20
4e1c7cda-12ed-4bcf-9cba-d11e113be710,arhus.menu,available,27.99,27.99,medium,low,5,namesilo,,,16/09/2026 13:26
3c0d84db-aaca-4c22-938a-f44af181ac19,response.menu,available,,,high,low,8,,,,
f5f0f0cb-d1ea-45cd-a3fa-baafea866735,animate.menu,available,27.99,27.99,high,low,7,namesilo,,,22/09/2026 04:47
60d53aa1-2bd9-474a-b154-7a412cbf5985,cuts.menu,available,27.99,27.99,high,low,4,namesilo,,,19/09/2026 00:14
798dc187-14a0-4b79-b318-adcfc640216d,borodin.menu,available,34.98,38.98,high,low,7,namecheap,,,18/09/2026 05:02
ffb5689c-8fec-457a-bb7d-37384c375690,accessary.menu,available,27.99,27.99,medium,low,9,namesilo,,,
b91a0a98-d79a-493d-9e39-5a11377f9e61,dinesen.menu,available,34.98,38.98,medium,low,7,namecheap,,,22/09/2026 07:24
ebba88c3-6378-401f-874f-3f3b18c711d7,volunteer.menu,available,27.99,27.99,high,low,9,namesilo,,,13/09/2026 07:13
ff8ddda4-e8c2-4d4b-bd90-167b286846ec,adjuster.menu,available,34.98,38.98,high,low,8,namecheap,,,17/09/2026 08:32
ef095825-3ce5-4468-993c-da84cc845a35,cutaneous.menu,available,44.99,46.99,medium,low,9,name.com,,,13/08/2026 12:54
f1769e0c-4f73-47a3-bcd9-b00954ad1fb3,archangel.menu,available,27.99,27.99,high,low,9,namesilo,,,19/09/2026 05:59
5a74bd88-54be-49b0-8117-9feed54703f8,unplug.menu,available,27.99,27.99,high,low,6,namesilo,,,
ac152658-d76f-4552-ba37-1d656caae97a,migratory.menu,available,27.99,27.99,high,low,9,namesilo,,,24/08/2026 22:49
048af62e-4d6c-426e-ad8e-0322d9d9a41a,bather.menu,available,27.99,27.99,high,low,6,namesilo,,,22/09/2026 13:31
1d854ca9-5bb8-4dfd-bc7f-863c297b907a,bedsore.menu,available,27.99,27.99,medium,low,7,namesilo,,,22/09/2026 23:40
adf1a65a-7e58-43e7-94c4-563d6cf70403,embossed.menu,available,27.99,27.99,high,low,8,namesilo,,,11/08/2026 05:17
442d4db5-e6d4-4d08-92b6-7f76031513a2,shoebill.menu,available,34.98,38.98,medium,low,8,namecheap,,,21/09/2026 20:35
fbbd38df-5464-4a8d-8994-edae32f048a5,predatory.menu,available,27.99,27.99,medium,low,9,namesilo,,,24/08/2026 15:43
e20812b5-e9a5-44d8-84f6-1a1af60855f7,identical.menu,available,34.98,38.98,high,low,9,namecheap,,,25/09/2026 07:23
ee06c214-17c0-412d-a579-b68326f0cc9f,prototypic.menu,available,27.99,27.99,medium,low,10,namesilo,,,06/08/2026 15:42
3992f99f-586e-4f08-89ef-6f9981c6f9b4,alien.menu,available,27.99,27.99,high,medium,5,namesilo,,,
73424f1d-8616-47ab-8553-e5fa00428316,puke.menu,available,27.99,27.99,medium,low,4,namesilo,,,11/08/2026 09:18
2410c3c8-9b60-40d2-8fba-69688cebdcf2,azote.menu,available,34.98,38.98,medium,low,5,namecheap,,,21/09/2026 11:27
668ca49a-8ff6-4117-b1fd-e51320778914,miguel.menu,available,27.99,27.99,high,low,6,namesilo,,,25/09/2026 14:22
a0f25409-763e-42da-b5ab-83c1cfae036d,unlimited.menu,premium,53.92,53.92,high,low,9,namesilo,,,25/09/2026 09:27
cdf50e00-064e-4174-8937-3069d3ec1594,religious.menu,available,27.99,27.99,high,low,9,namesilo,,,09/09/2026 13:37
1502d423-d3c9-4410-8a17-96863545e39e,hussein.menu,available,27.99,27.99,medium,low,7,namesilo,,,25/09/2026 07:40
a263f2f6-f527-49f9-9334-47c19c01cfc6,precursors.menu,available,34.98,38.98,medium,low,10,namecheap,,,21/09/2026 00:35
b48a18d6-d514-47b1-9125-8ea68fabeb28,artistry.menu,available,27.99,27.99,high,medium,8,namesilo,,,19/09/2026 06:29
940afb52-4282-4d1b-91f2-fd3e9947c527,crushed.menu,available,27.99,27.99,high,low,7,namesilo,,,13/08/2026 09:11
fb87cbe5-de3f-463e-a492-e4fe383abdcd,aflare.menu,available,27.99,27.99,medium,low,6,namesilo,,,
1aaf21d2-1d43-4d19-9dc6-2c1a7feb90b2,tasmanian.menu,available,27.99,27.99,high,low,9,namesilo,,,11/09/2026 08:50
2e0a0033-22ba-44d4-a728-00d146e507e4,biographer.menu,available,34.98,38.98,high,low,10,namecheap,,,23/09/2026 18:07
5fefe4b2-79ef-40e7-943c-109a08f6cb03,bottomless.menu,available,34.98,38.98,high,low,10,namecheap,,,10/08/2026 21:21
822064f6-204b-4464-9e29-7cc560817a8c,abkhazian.menu,available,27.99,27.99,medium,low,9,namesilo,,,
3f02fa2a-9dbb-4823-9c74-bc291637d5f2,peacefully.menu,available,34.98,38.98,high,low,10,namecheap,,,15/09/2026 19:23
e11de643-93e8-453a-867a-1e0e75682bab,second.menu,available,27.99,27.99,high,low,6,namesilo,,,21/09/2026 12:59
14309274-7a60-4cc7-b049-d4667731f584,entirety.menu,available,27.99,27.99,high,low,8,namesilo,,,
faece2aa-e332-4405-aaa1-0cc6e14c6434,upstart.menu,available,27.99,27.99,high,low,7,namesilo,,,25/09/2026 23:17
381fcba6-8828-4157-893e-a49e436521d1,skeptical.menu,available,27.99,27.99,medium,low,9,namesilo,,,14/08/2026 09:34
32c9d561-593d-4693-af15-b1f6d53a2340,abator.menu,available,27.99,27.99,medium,low,6,namesilo,,,16/09/2026 14:13
c370dc69-3fd7-479d-8da2-84dedff7d8fd,idiocy.menu,available,34.98,38.98,medium,low,6,namecheap,,,18/09/2026 18:58
c59cbaa1-ab68-4fe6-919e-e16c783c59e6,ohmic.menu,available,27.99,27.99,medium,low,5,namesilo,,,04/09/2026 01:46
9438b3e5-f45e-442b-9b44-e72737d97c1d,galangal.menu,available,34.98,38.98,medium,low,8,namecheap,,,18/09/2026 14:03
2bcf0651-1b60-4cbb-9f7d-6e24b9a3a47b,outermost.menu,available,34.98,38.98,high,low,9,namecheap,,,04/09/2026 19:17
f98baf3f-c792-4850-ba35-917db3f10717,enclothe.menu,available,34.98,38.98,medium,low,8,namecheap,,,19/09/2026 19:54
42989219-7ace-4685-bcbb-8bf6f75c9a2c,achromic.menu,available,27.99,27.99,medium,low,8,namesilo,,,
026e140b-d97c-4097-af24-21c38cb1cd21,belonging.menu,available,27.99,27.99,high,low,9,namesilo,,,23/09/2026 06:53
504a3e5e-579b-40aa-9066-4d42b9597d8c,requests.menu,available,27.99,27.99,medium,low,8,namesilo,,,17/09/2026 17:07
fa48108d-60d2-470b-be1b-b63d55262ab7,dissonant.menu,available,27.99,27.99,medium,low,9,namesilo,,,07/08/2026 12:26
7479521b-d848-4444-80e7-cae33ce1f9f0,silicon.menu,available,27.99,27.99,high,low,7,namesilo,,,20/09/2026 22:24
97755179-1201-43b4-8682-a3f10aa56014,grief.menu,available,27.99,27.99,high,low,5,namesilo,,,24/09/2026 10:39
12fc28e7-22ed-415e-baae-a19ff3ba9b5c,pitiless.menu,available,34.98,38.98,high,medium,8,namecheap,,,08/09/2026 20:05
8d418faf-2f67-4b30-a7cf-9ab05914a081,perceiving.menu,available,38.98,,high,low,10,namecheap,,,
e95161a2-a303-4233-8472-464263b014cf,boreal.menu,available,34.98,38.98,high,low,6,namecheap,,,10/08/2026 19:55
aaa42ff2-2520-4399-9104-57bc14400a68,landlocked.menu,available,34.98,38.98,medium,low,10,namecheap,,,22/08/2026 19:26
14d43706-f962-41bc-9e1a-0b6e24fa2e1e,corrupted.menu,available,27.99,27.99,medium,low,9,namesilo,,,23/09/2026 23:59
603ce857-94dc-40b5-a61e-39d757e5bb42,thracian.menu,available,27.99,27.99,medium,low,8,namesilo,,,11/09/2026 14:10
69aaa5b9-e03d-45fb-901e-607f46828c52,tarry.menu,available,27.99,27.99,medium,low,5,namesilo,,,09/09/2026 15:16
15596f6d-12a0-42f2-9fc8-2ed64720bf8e,gruesome.menu,available,27.99,27.99,medium,low,8,namesilo,,,18/08/2026 23:17
55ed1380-2bdc-4403-84d1-adb91eabffb1,coffee.menu,available,,,high,medium,6,,,,
93351ba9-0991-48fa-99ad-84aa5d0f46e7,untilled.menu,available,34.98,38.98,medium,low,8,namecheap,,,12/09/2026 21:24
78623e6a-35bc-4e9b-a43a-a2df996dce89,lettered.menu,available,27.99,27.99,high,low,8,namesilo,,,22/08/2026 16:54
20fc7615-905d-4b83-ae29-5993ec724e00,ascensive.menu,available,27.99,27.99,medium,low,9,namesilo,,,07/08/2026 00:46
3e942e27-e539-4619-937c-d02d55587844,hypertonic.menu,available,27.99,27.99,medium,low,10,namesilo,,,21/08/2026 16:56
57f1c17d-cb79-4039-b36f-aeeca07d4017,unhealthy.menu,available,27.99,27.99,medium,low,9,namesilo,,,22/08/2026 06:24
c27e6958-7553-4e18-9fad-c3a102b17067,lisboa.menu,available,27.99,27.99,high,low,6,namesilo,,,
0149bbaa-c5f2-458e-b076-087e115e5950,yucky.menu,available,27.99,27.99,medium,low,5,namesilo,,,14/08/2026 10:51
d5f219a9-f4b9-438d-967b-baa14b18d53e,foliose.menu,available,27.99,27.99,medium,low,7,namesilo,,,18/08/2026 10:11
746af15a-6693-410d-9e37-eef0c7339d67,delimited.menu,available,27.99,27.99,medium,low,9,namesilo,,,10/08/2026 21:54
a21c50da-cbc8-4d7d-8d0e-c62c49fada5b,redo.menu,available,27.99,27.99,high,low,4,namesilo,,,
d0664075-817c-4c81-aca6-7fa6f6ade862,deft.menu,available,27.99,27.99,high,low,4,namesilo,,,13/08/2026 23:50
2f79e6b4-fbf6-47d9-8d75-38c514828088,unlucky.menu,available,34.98,38.98,medium,low,7,namecheap,,,21/08/2026 19:11
08012952-df3b-4858-9420-c78d2eaf00b6,nihility.menu,available,27.99,27.99,medium,low,8,namesilo,,,13/09/2026 06:35
ae4206bf-2ab4-42c0-ae1e-4556e3410fe8,travellers.menu,available,27.99,27.99,high,low,10,namesilo,,,17/09/2026 22:15
8e17db18-e8ab-461c-9a16-41d5a51e3ca7,multiplayer.menu,available,27.99,27.99,high,low,11,namesilo,,,
cd151057-ab79-420c-8f91-2b6321f7b947,copious.menu,available,27.99,27.99,high,low,7,namesilo,,,13/08/2026 00:28
f037eb46-9e0e-4bd3-86e4-4a86cb5232cd,asthmatic.menu,available,27.99,27.99,medium,low,9,namesilo,,,22/09/2026 10:23
454857a2-e680-4584-9c2f-8d900bb05845,messaging.menu,available,34.98,38.98,high,low,9,namecheap,,,25/09/2026 03:29
62a764e3-3278-4b11-a621-80a30a4f9945,astrolabe.menu,available,27.99,27.99,high,low,9,namesilo,,,20/09/2026 17:43
b1de67c7-48f7-4b41-bde0-89ec10f4b2e5,frisian.menu,available,27.99,27.99,medium,low,7,namesilo,,,18/08/2026 15:59
a6e29507-c26f-432d-8464-90ff3df514f0,custody.menu,available,34.98,38.98,high,low,7,namecheap,,,24/09/2026 20:41
5b113efb-29ab-4de6-b018-115fe90e8415,unwavering.menu,available,27.99,27.99,high,low,10,namesilo,,,18/08/2026 05:12
a688ff3d-adbc-4743-9551-1393cc614921,attended.menu,available,34.98,38.98,high,low,8,namecheap,,,22/09/2026 11:17
465cb16f-1046-4a7b-9521-c3156d7b2b3b,shoplift.menu,available,27.99,27.99,medium,low,8,namesilo,,,
9e2910fa-c6f4-4d30-91bb-7f04b537f1bb,maintained.menu,available,27.99,27.99,high,low,10,namesilo,,,25/09/2026 12:29
125f5cec-feaf-41a8-b592-ef4a8eb99fd4,cognisant.menu,available,27.99,27.99,medium,low,9,namesilo,,,08/08/2026 00:18
f46cb947-998a-42bd-add8-ca199502f92e,petulant.menu,available,27.99,27.99,medium,low,8,namesilo,,,22/08/2026 10:27
2e1f6626-40c8-484d-8585-a081cd3742a4,coma.menu,available,27.99,27.99,high,low,4,namesilo,,,25/09/2026 04:19
6fa469f3-36cd-4f84-8570-7a529658ecab,island.menu,available,,,high,low,6,,,,
a00d3df4-125e-492e-a97d-94291946618e,epiphyte.menu,available,27.99,27.99,medium,low,8,namesilo,,,17/09/2026 13:14
7d6c3b72-9ed5-499c-a301-6a0b9c656fc5,biosafety.menu,available,34.98,38.98,high,low,9,namecheap,,,23/09/2026 18:56
20934a69-bba8-432c-bb5f-b9eb3b37d872,nontaxable.menu,available,34.98,38.98,medium,low,10,namecheap,,,03/09/2026 20:54
80a99273-30b3-40d1-a7e8-c6e71036ae2d,areal.menu,available,27.99,27.99,medium,low,5,namesilo,,,06/08/2026 17:21
db0520c5-0e72-47b4-83cf-9f4b63b7e6f9,translation.menu,available,,,high,low,11,,,,
7d22e64b-b19a-469a-927a-04a8341bf97d,abyssinian.menu,available,34.98,38.98,high,low,10,namecheap,,,16/09/2026 19:54
be19ecde-a444-4b3e-854b-45d4c8b03f94,hurried.menu,available,27.99,27.99,medium,low,7,namesilo,,,21/08/2026 15:45
fd198ec7-e4e2-401a-aa79-579f4bd7e183,arikara.menu,available,27.99,27.99,medium,low,7,namesilo,,,20/09/2026 05:16
6af02716-0482-4499-b441-83fb71a06f7a,aditya.menu,available,34.98,38.98,high,low,6,namecheap,,,17/09/2026 08:23
5e41c1a4-f0b0-4144-abfd-84ea2c0a25ec,soled.menu,available,27.99,27.99,medium,low,5,namesilo,,,10/09/2026 13:35
29d901d3-8d0d-4975-8eeb-a75670b7c857,parliamentary.menu,available,27.99,27.99,medium,low,13,namesilo,,,
bce0a835-5ed5-4b13-9c0c-78b4261e99ea,osmanli.menu,available,27.99,27.99,medium,low,7,namesilo,,,04/09/2026 18:41
deafe5c7-9279-44ee-91b2-be6a124531fb,humongous.menu,available,27.99,27.99,medium,low,9,namesilo,,,08/08/2026 12:58
b3c7afd2-005f-4ebd-87ed-4e6f98ef443b,apheresis.menu,available,27.99,27.99,medium,low,9,namesilo,,,19/09/2026 16:49
f44f7b83-6efa-41e7-babc-668bfa725b05,fiducial.menu,available,27.99,27.99,medium,low,8,namesilo,,,18/08/2026 03:40
abcd9133-2df7-4916-be9b-f3d319ee20d6,commode.menu,available,27.99,27.99,high,medium,7,namesilo,,,09/09/2026 00:51
94f6c0dc-bbd3-4ac9-8fd8-500473cd875a,pimply.menu,available,27.99,27.99,medium,low,6,namesilo,,,
965882ee-3dfa-4c6f-bfef-b5f6fd09ebea,justified.menu,available,27.99,27.99,high,low,9,namesilo,,,25/09/2026 12:26
d4646587-e9af-483e-87a2-6cd87854e44f,taboo.menu,available,27.99,27.99,high,low,5,namesilo,,,18/08/2026 11:03
a9368e13-ac37-4dc0-85e9-bee57f43f1fd,clitoral.menu,available,27.99,27.99,medium,low,8,namesilo,,,12/08/2026 11:25
636393c1-ae39-4ddc-937d-75738725acba,kicking.menu,available,27.99,27.99,high,low,7,namesilo,,,
b2070baa-a5eb-4c07-9bd5-7b561bb18418,abrupt.menu,available,27.99,27.99,high,low,6,namesilo,,,
a4381ea8-6299-4934-83a4-e925a02c8e32,aliveness.menu,available,34.98,38.98,high,low,9,namecheap,,,18/09/2026 08:09
d7fc58c2-d88a-4295-bcdf-8de7dbe1bc58,struggling.menu,available,27.99,27.99,medium,low,10,namesilo,,,10/09/2026 22:52
be81bd84-727d-4418-a1d6-301cef2c3031,saint.menu,available,27.99,27.99,high,low,5,namesilo,,,25/09/2026 23:06
1f787e9f-f51b-4d94-a362-54068013ee48,startling.menu,available,34.98,38.98,medium,low,9,namecheap,,,10/09/2026 19:02
238ae8bf-6ed4-412a-adbe-a65ebaf90ea1,occurrent.menu,available,27.99,27.99,medium,low,9,namesilo,,,04/09/2026 00:18
3b44e492-865e-4967-9a76-efebd11851f5,darter.menu,available,34.98,38.98,medium,low,6,namecheap,,,19/09/2026 08:19
4e7eeebb-2ba2-420e-b703-4403a27b1fbb,risky.menu,available,27.99,27.99,medium,low,5,namesilo,,,21/08/2026 01:43
21867bf5-fc2a-4115-affd-77201118f111,snoek.menu,available,27.99,27.99,medium,low,5,namesilo,,,22/09/2026 07:53
115230b5-b7e9-4df2-bd3e-2a1374e38f0e,unending.menu,available,27.99,27.99,high,low,8,namesilo,,,
0188e93c-fe25-4ebb-aa11-a65b39c27ac4,licenced.menu,available,27.99,27.99,medium,low,8,namesilo,,,21/09/2026 15:56
32b3b502-5665-4871-b3d2-00766c8719e4,arras.menu,available,27.99,27.99,medium,low,5,namesilo,,,20/09/2026 08:49
4d52dc4c-90a7-465c-bdb0-6adb017c6510,sauciness.menu,available,27.99,27.99,medium,low,9,namesilo,,,20/09/2026 02:25
e50232a6-28d9-409b-bb81-ad30cffc9b8f,disloyalty.menu,available,27.99,27.99,medium,low,10,namesilo,,,24/09/2026 22:47
22d7a1fb-f4b5-40f8-b136-375a1bbfa3ca,hacker.menu,available,27.99,27.99,high,medium,6,namesilo,,,24/09/2026 20:44
fb2dfe92-dfef-4de1-a4e1-0387aa582b59,marxist.menu,available,34.98,38.98,high,low,7,namecheap,,,10/08/2026 17:53
8037674d-7e7b-4911-9022-e1fa585e99c1,barbecues.menu,available,27.99,27.99,high,low,9,namesilo,,,21/09/2026 08:34
7fa676e9-9f28-4ebd-ac44-c948f5c09e7f,sandaled.menu,available,34.98,38.98,high,medium,8,namecheap,,,09/09/2026 21:11
89ab324c-6501-44ea-97c9-4c3627933bbd,spangled.menu,available,34.98,38.98,high,low,8,namecheap,,,18/08/2026 21:17
ab0858ba-8478-44a2-96d6-ced004190409,boggy.menu,available,27.99,27.99,medium,low,5,namesilo,,,10/08/2026 17:01
2cd6cdab-0c15-4f3d-b1ab-be495f78c171,cuba.menu,available,,,high,high,4,,,,
de49f8f2-a27b-48ec-9af8-c126ec047714,reefy.menu,available,27.99,27.99,high,medium,5,namesilo,,,09/09/2026 12:28
6abdfaa6-b1a1-447e-95c1-a4723eca372c,sanctuary.menu,available,34.98,38.98,high,high,9,namecheap,,,20/09/2026 18:34
937f1c79-4bd0-498b-8261-a5dc94b52672,nordic.menu,available,34.98,38.98,high,low,6,namecheap,,,03/09/2026 21:09
99c7a372-6fca-4b80-bf29-db4f645acf75,slyness.menu,available,27.99,27.99,medium,low,7,namesilo,,,13/08/2026 10:43
5a7f051c-4db7-4804-87b9-7d6e31acf8ef,ascaris.menu,available,34.98,38.98,medium,low,7,namecheap,,,20/09/2026 13:03
fffdb5a7-2a91-4596-af3c-7f7fb6742390,powerful.menu,available,27.99,27.99,high,low,8,namesilo,,,23/09/2026 09:23
3f2446cc-1d9a-452d-8f6b-4a86c4177ba2,ecumenical.menu,available,27.99,27.99,medium,low,10,namesilo,,,15/08/2026 04:38
012cc6a8-e651-493e-9df4-376ea0b188ec,highborn.menu,available,27.99,27.99,medium,low,8,namesilo,,,13/08/2026 01:48
129a29b5-59a9-4067-90a0-760cf3c7fd06,auteur.menu,available,27.99,27.99,high,low,6,namesilo,,,21/09/2026 05:06
f20f7e8f-a390-44e7-a8c4-cbf31f20fc80,polyphonic.menu,available,27.99,27.99,medium,low,10,namesilo,,,08/09/2026 23:27
074aca48-113d-40ac-b94e-531409b15014,gingerly.menu,available,27.99,27.99,high,low,8,namesilo,,,18/08/2026 23:55
710e9b50-ce72-4a96-8020-b2f374660c38,jokes.menu,available,27.99,27.99,high,low,5,namesilo,,,25/09/2026 11:35
fc8ad8a9-8baa-4ee4-aec5-9ed313dcff73,focussed.menu,available,27.99,27.99,high,low,8,namesilo,,,18/08/2026 09:47
8d4262b8-df83-43cf-9822-a519aecaf215,scab.menu,available,27.99,27.99,medium,low,4,namesilo,,,24/09/2026 02:52
2c898202-e026-45ec-9282-3dc1ace9ee30,slaty.menu,available,27.99,27.99,medium,low,5,namesilo,,,10/09/2026 10:19
90067fef-c8ba-4854-a475-0150acfa675b,anecdotist.menu,available,34.98,38.98,medium,low,10,namecheap,,,19/09/2026 05:08
30cf7765-53ee-45df-821a-e051c099eade,wandering.menu,available,34.98,38.98,high,low,9,namecheap,,,25/09/2026 21:06
346602db-f8cb-4bc5-a70f-009b5408ffe3,expertly.menu,available,27.99,27.99,high,low,8,namesilo,,,14/09/2026 17:05
46e37157-b437-49d6-9430-831961fa781e,grandly.menu,available,27.99,27.99,medium,low,7,namesilo,,,14/09/2026 22:02
a720c891-b182-4399-bb0f-1cd3064d2313,saturday.menu,available,,,high,low,8,,,,
78c2775b-211c-4b0d-8c22-48b356412bcf,unrequited.menu,available,27.99,27.99,medium,low,10,namesilo,,,12/09/2026 00:45
3dd885d2-f129-456d-987a-7d80e88a2f22,unknowable.menu,available,27.99,27.99,medium,low,10,namesilo,,,12/09/2026 14:17
36f9f345-3075-4130-9994-ae204d0a33e4,affix.menu,available,27.99,27.99,high,low,5,namesilo,,,17/09/2026 14:37
c4ef8024-0c65-4957-a9ff-226ffcd70c7d,benison.menu,available,27.99,27.99,medium,low,7,namesilo,,,23/09/2026 08:11
9a978b01-bef0-46e2-b5da-e15050639711,astragalus.menu,available,27.99,27.99,high,low,10,namesilo,,,19/09/2026 09:45
2b895ccf-0e03-4a11-8d4b-485b15b2846c,subclavian.menu,available,27.99,27.99,medium,low,10,namesilo,,,10/09/2026 23:40
db635491-fc38-4268-b4a1-0411cd2f6531,astrologer.menu,available,34.98,38.98,high,low,10,namecheap,,,20/09/2026 17:47
827784dc-bed5-40bf-a48e-36e2d46a1422,folks.menu,available,34.98,38.98,high,low,5,namecheap,,,24/09/2026 16:34
93db5ab7-dbcd-4735-942b-ef0058100ffd,those.menu,available,27.99,27.99,medium,low,5,namesilo,,,
2d72fd06-90b8-496f-b81e-1626770787e1,capitular.menu,available,34.98,38.98,medium,low,9,namecheap,,,11/08/2026 17:58
5e643fa9-e2cc-4eb5-b274-d782259be556,ole.menu,available,,,high,low,3,,,,
233aed71-3997-4d23-9865-7d0a29c7db6a,bearish.menu,available,27.99,27.99,medium,low,7,namesilo,,,09/08/2026 04:48
7f31f58a-a9be-4cf9-8d2d-a45882c7086e,starred.menu,available,27.99,27.99,medium,low,7,namesilo,,,07/08/2026 08:52
b013e9fc-ba9a-4eed-9bca-60a320216283,circularly.menu,available,27.99,27.99,medium,low,10,namesilo,,,14/09/2026 06:55
25435b95-aeb1-408b-a742-d038df479ef5,abortus.menu,available,34.98,38.98,medium,low,7,namecheap,,,16/09/2026 16:40
96242bc2-bf4a-4fc7-9158-82f2d4e0b4e4,almoner.menu,available,27.99,27.99,medium,low,7,namesilo,,,18/09/2026 12:40
88ecac46-12e8-485d-a703-536184dd6f70,stative.menu,available,34.98,38.98,medium,low,7,namecheap,,,10/09/2026 19:14
2d4efa4a-7ed7-440c-aa6f-5fcff9d9f871,punishable.menu,available,27.99,27.99,high,medium,10,namesilo,,,09/09/2026 05:59
a7909c06-aaea-4e0c-93f6-0367dedd2c1e,demonstrations.menu,available,27.99,27.99,medium,low,14,namesilo,,,
af9f6fd9-441a-4936-befe-9ebe3e9091fb,hoagy.menu,available,34.98,38.98,high,low,5,namecheap,,,24/09/2026 20:07
7f3552e4-35ca-4c0f-9616-9804d77cb8ac,registered.menu,available,27.99,27.99,high,low,10,namesilo,,,
45aa92ce-d71d-43d3-92a2-8e1e2a197470,essential.menu,available,27.99,27.99,high,low,9,namesilo,,,22/09/2026 00:42
98adc02b-8006-46b7-9562-5a367c2763e7,boots.menu,available,27.99,27.99,high,low,5,namesilo,,,
016a37ef-d1dd-44a4-83e6-ff2f8eb09aee,ravioli.menu,available,27.99,27.99,high,low,7,namesilo,,,24/09/2026 12:37
fce2a95c-1c3f-43eb-a67c-ec40852bec0d,isomeric.menu,available,27.99,27.99,medium,low,8,namesilo,,,22/08/2026 11:08
7e570cd8-8083-4250-9225-77f20428a64d,domino.menu,available,27.99,27.99,high,low,6,namesilo,,,19/09/2026 15:22
8b3e7017-253b-4aae-8c4d-d0e8c35296d5,beshrew.menu,available,44.99,46.99,medium,low,7,name.com,,,13/08/2026 16:19
8b840315-76d9-47ae-a796-344afde4f2bb,preceding.menu,available,27.99,27.99,medium,low,9,namesilo,,,
9f37d183-32ed-4e0b-9a34-0dfa603278ed,project.menu,available,27.99,27.99,high,medium,7,namesilo,,,24/09/2026 16:43
513f5d96-5dbe-42be-a7cf-4b74535d9581,avicennia.menu,available,27.99,27.99,medium,low,9,namesilo,,,21/09/2026 09:24
abe44982-2f7c-453e-b12a-0070fb0d00f4,sameness.menu,available,27.99,27.99,medium,low,8,namesilo,,,21/08/2026 15:12
d8f620ee-5a1d-4cce-bc97-64c6492645ef,medical.menu,available,27.99,27.99,high,low,7,namesilo,,,24/09/2026 06:02
f1002e14-7b61-4f4e-b314-3c9b0fd3b206,icons.menu,available,27.99,27.99,high,low,5,namesilo,,,
b02eaf2f-9d06-4874-88f6-d31989fe3e96,publicity.menu,available,27.99,27.99,high,low,9,namesilo,,,
a48f8baf-f6ec-49dd-bafe-a552843ed68a,vulpine.menu,available,27.99,27.99,medium,low,7,namesilo,,,13/09/2026 07:26
7bdc768f-a51b-4dad-8b7d-2e1e738a69fc,ilx.menu,available,,,medium,low,3,,,,
3c7809d4-62c9-47bd-80c5-9bf95510b6f4,unfortunately.menu,available,27.99,27.99,medium,low,13,namesilo,,,
093d4a92-4e92-410d-ae36-48f9a187ef45,uppermost.menu,available,34.98,38.98,high,low,9,namecheap,,,11/09/2026 17:48
02b16959-7527-4fac-bfbe-fd826f2bbe32,avellan.menu,available,27.99,27.99,medium,low,7,namesilo,,,07/08/2026 22:24
564de6c7-e350-4cf1-be93-911b36672949,hardship.menu,available,44.99,46.99,high,low,8,name.com,,,17/09/2026 10:51
9e823ec9-d20f-4443-a43b-18d41e2c286a,rale.menu,available,27.99,27.99,high,medium,4,namesilo,,,09/09/2026 10:37
a55fdbe3-75b5-45e3-8663-c0c7a994df20,veggies.menu,available,27.99,27.99,medium,low,7,namesilo,,,18/09/2026 15:41
d8789677-fd6e-482b-aaa1-05974eb321b3,mckay.menu,available,27.99,27.99,high,low,5,namesilo,,,25/09/2026 16:25
9e259416-a268-4245-b768-401cbeca6130,chanukkah.menu,available,27.99,27.99,medium,low,9,namesilo,,,
4acd51b1-dbbc-41d5-bf84-90a6fe570a10,recoil.menu,available,27.99,27.99,high,low,6,namesilo,,,21/09/2026 15:32
557b5aa8-e423-4d21-be50-eb6d9db58589,downwind.menu,available,34.98,38.98,medium,low,8,namecheap,,,14/08/2026 18:03
ab206264-2f1e-43a3-8c0c-c451a300e079,blemish.menu,available,27.99,27.99,high,low,7,namesilo,,,24/09/2026 05:30
daf7dbbc-c14c-44cc-b984-c72fb111556d,sleepily.menu,available,27.99,27.99,medium,low,8,namesilo,,,16/09/2026 02:32
2df1c40c-2735-419e-9b01-6c7d2c1f9071,vanilla.menu,available,27.99,27.99,high,low,7,namesilo,,,13/09/2026 01:08
2d18b13e-08a7-45be-a67c-df3674c629eb,doodle.menu,available,44.99,46.99,high,low,6,name.com,,,24/09/2026 23:30
b8a5b4a5-9017-4329-a5dd-f5fa87b85283,cipher.menu,available,27.99,27.99,high,low,6,namesilo,,,08/09/2026 15:11
b85901e2-e8ba-4117-ade2-cf4cb3a7ce11,trials.menu,available,27.99,27.99,medium,low,6,namesilo,,,18/09/2026 17:43
bb303923-041f-4af3-bee5-8e073533e6ab,failed.menu,available,27.99,27.99,medium,low,6,namesilo,,,
ec3f8b18-f2de-44f3-91ba-876d42dc56a5,grieving.menu,available,27.99,27.99,medium,low,8,namesilo,,,09/08/2026 15:07
06a93072-1c23-458c-9e01-e3dc8fa5f7d8,emerging.menu,available,27.99,27.99,high,low,8,namesilo,,,16/08/2026 15:03
18c5415e-7c19-404b-a891-4e1b9ac2ea8d,aflame.menu,available,27.99,27.99,high,low,6,namesilo,,,
13df582d-ab27-4bbc-8f08-9698c3d220cb,scrutinize.menu,available,27.99,27.99,high,low,10,namesilo,,,21/09/2026 03:06
58b1c340-b529-4e1b-ae5a-b2008a06d580,dirigible.menu,available,27.99,27.99,medium,low,9,namesilo,,,14/08/2026 09:02
c884322e-29cc-4d90-9aaa-ca2d350158a2,very.menu,available,27.99,27.99,high,low,4,namesilo,,,
9dcffe7e-70a0-49c9-bfbd-46cdb6785470,ballista.menu,available,34.98,38.98,medium,low,8,namecheap,,,20/09/2026 00:35
e9f89267-f27c-41d6-a83e-ff7f1444bded,colour.menu,available,27.99,27.99,high,low,6,namesilo,,,23/09/2026 15:08
bacbea0e-4d50-4a8d-8f47-69e45d6a088b,curst.menu,available,27.99,27.99,medium,low,5,namesilo,,,13/08/2026 11:34
c8d6039d-54fc-4067-9277-89636e6eab8d,quadrangle.menu,available,27.99,27.99,high,low,10,namesilo,,,09/09/2026 07:22
4c03cad3-486f-4ce1-b009-9a091042c760,greedy.menu,available,27.99,27.99,high,low,6,namesilo,,,07/08/2026 22:09
3c440c54-7cfb-469a-9e86-842a4e02ca66,faraway.menu,available,27.99,27.99,high,low,7,namesilo,,,17/08/2026 22:14
c6396b5c-35fc-4f63-bf04-baa3b796acc2,vitally.menu,available,34.98,38.98,medium,low,7,namecheap,,,16/09/2026 11:05
ebf2588b-1e99-46fa-a895-8933f1e24eec,naught.menu,available,27.99,27.99,medium,low,6,namesilo,,,03/09/2026 22:40
16185ff1-6f83-48c8-a771-fe3eb65d6bea,checking.menu,available,34.98,38.98,high,low,8,namecheap,,,25/09/2026 12:11
9e170297-0469-431e-92aa-09119ef57920,barwood.menu,available,27.99,27.99,medium,low,8,namesilo,,,
76586415-42c3-4381-bfab-209d5ea723d6,ameer.menu,available,34.98,38.98,medium,low,5,namecheap,,,18/09/2026 18:04
d517b2a9-f3f4-40df-aa83-58ba3b7329ee,artemia.menu,available,27.99,27.99,high,low,7,namesilo,,,20/09/2026 10:09
9d4391da-c342-4492-afcd-d7e356d33ae3,ignited.menu,available,27.99,27.99,high,low,7,namesilo,,,17/08/2026 09:20
b20c79b8-936f-41cd-90b0-725a345a6b76,misconduct.menu,available,27.99,27.99,medium,low,10,namesilo,,,17/09/2026 05:28
1cdf78f2-ba19-4c6c-8109-67ed86cecfc8,archerfish.menu,available,27.99,27.99,medium,low,10,namesilo,,,20/09/2026 01:56
1f5d5e4c-921c-413c-8d1a-df57372d2dce,sanctions.menu,available,27.99,27.99,medium,low,9,namesilo,,,20/09/2026 01:56
70a5b35c-8509-4b0e-a99e-39cbbfd1812d,ransacked.menu,available,27.99,27.99,medium,low,9,namesilo,,,24/08/2026 09:49
1ee84f9b-502d-4529-ba47-f79cd6bb8c50,shaped.menu,available,27.99,27.99,high,low,6,namesilo,,,25/08/2026 03:44
5e7cbafe-3238-4d2d-9e81-261d21cfac83,pastor.menu,available,44.99,46.99,high,low,6,name.com,,,24/09/2026 20:20
beaf0b9e-f5b4-413d-8e52-d88600647c93,paused.menu,available,27.99,27.99,medium,low,6,namesilo,,,18/09/2026 02:16
80941c68-1944-4252-9725-f34406fef5aa,diverse.menu,available,27.99,27.99,high,low,7,namesilo,,,14/08/2026 13:39
fb979224-a2ce-4dca-aaba-1db60acc613a,avaram.menu,available,27.99,27.99,medium,low,6,namesilo,,,21/09/2026 08:40
9301df64-b90a-4d21-ae6e-12c2a8fc7449,haiti.menu,available,,,high,high,5,,,,
378509ee-8f1c-4535-b635-ae4c0a294a5a,underling.menu,available,27.99,27.99,medium,low,9,namesilo,,,11/09/2026 00:39
1c3e384c-5a98-4134-91a8-d5177225ffbc,survive.menu,available,27.99,27.99,high,low,7,namesilo,,,25/09/2026 11:10
36cba211-d48a-4efa-8ad4-de7c5dadbcc5,comprise.menu,available,27.99,27.99,high,low,8,namesilo,,,
c11a65a6-c43a-43a5-903f-83c758d2a6bf,headed.menu,available,27.99,27.99,high,low,6,namesilo,,,21/08/2026 01:51
65c77871-a303-4518-bcc4-8fbe9e6ba461,besom.menu,available,27.99,27.99,medium,low,5,namesilo,,,23/09/2026 10:25
73dbd540-ead5-4e8d-a42f-5a336349f456,dispersal.menu,available,27.99,27.99,high,low,9,namesilo,,,24/09/2026 22:58
26f65b9d-56c6-4792-88f2-623f7e09fe56,grump.menu,available,27.99,27.99,medium,low,5,namesilo,,,13/08/2026 04:58
9e90f735-9971-4c45-b892-c880b9c43525,katabatic.menu,available,27.99,27.99,high,low,9,namesilo,,,11/08/2026 20:41
70fc84f9-f566-4fda-b7d1-842e2ba44b22,appears.menu,available,34.98,38.98,medium,low,7,namecheap,,,25/09/2026 20:18
818f8a89-d86e-4b72-9add-b053096523da,abyla.menu,available,27.99,27.99,medium,low,5,namesilo,,,16/09/2026 15:53
75195a50-d3e5-4dda-b3a2-896e3f3b6544,decreed.menu,available,27.99,27.99,medium,low,7,namesilo,,,13/08/2026 22:14
f59982c0-5f1c-41bb-b75e-ca2ca7a9d707,packaged.menu,available,27.99,27.99,high,low,8,namesilo,,,04/09/2026 22:44
b7c9d84a-7735-4539-a626-fdb152b6398c,razz.menu,available,27.99,27.99,medium,low,4,namesilo,,,21/09/2026 19:47
d5b09e8d-9187-4d20-b6f4-ef15f382fa89,log.menu,available,,,high,low,3,,,,
7806519f-cb67-4a3f-b47c-6016d69be2b3,iso.menu,available,,,high,high,3,,,,
b8e75da3-88b8-49f4-9c77-d9c61c01d81d,car.menu,available,,,high,medium,3,,,,
341c859d-40c3-41e0-befb-8a0552b430ac,nettled.menu,available,27.99,27.99,medium,low,7,namesilo,,,
9e207e1d-0575-48a8-82c2-850add79c007,unsound.menu,available,27.99,27.99,medium,low,7,namesilo,,,24/09/2026 16:24
632291c4-e123-46b3-b1a2-b29422437980,ammonite.menu,available,44.99,46.99,high,low,8,name.com,,,18/09/2026 22:08
e113f4c7-468a-4a68-bda1-a7d272f6beac,jagged.menu,available,27.99,27.99,medium,low,6,namesilo,,,17/08/2026 12:32
3d166cc1-9d41-4f00-87d0-7380c6c40095,bovine.menu,available,27.99,27.99,high,medium,6,namesilo,,,10/08/2026 22:51
9bf5cae2-1b02-452f-acc1-f067a05ec4d7,protein.menu,available,,,high,low,7,,,,
af711c11-6f7f-4105-a6fe-909ef36ec418,heterodox.menu,available,27.99,27.99,medium,low,9,namesilo,,,14/08/2026 12:37
36d71716-5b19-46a9-85f3-278ea3381f83,chamomile.menu,available,27.99,27.99,high,low,9,namesilo,,,19/09/2026 13:01
69068d6e-e120-4624-a5e3-1d1203e72904,committee.menu,available,27.99,27.99,high,low,9,namesilo,,,
9a7cecfb-9e98-4f5d-a3d1-bdd104346f41,notions.menu,available,27.99,27.99,medium,low,7,namesilo,,,
59b26dab-42c8-4917-a297-994176286d00,branched.menu,available,34.98,38.98,high,low,8,namecheap,,,09/08/2026 20:12
f89b95dd-420f-45c4-aa05-f5df27ab3ffc,charnel.menu,available,27.99,27.99,medium,low,7,namesilo,,,12/08/2026 02:37
455d5854-d510-4d0e-b7af-328635e3fd49,salaried.menu,available,34.98,38.98,high,low,8,namecheap,,,12/08/2026 19:23
81ab08e8-b26c-4646-844e-9c42d392972f,squatting.menu,available,27.99,27.99,medium,low,9,namesilo,,,10/09/2026 17:35
37371439-c3b2-4104-af12-ba34ce89f0c8,honestly.menu,available,27.99,27.99,high,low,8,namesilo,,,
f33e71e0-8973-4157-bce1-ea5a95f0fbf4,sunglass.menu,available,38.98,,high,low,8,namecheap,,,
6e42ad15-08d5-4c24-b377-c42281ee74c3,pole.menu,available,27.99,27.99,high,low,4,namesilo,,,24/09/2026 13:25
e53105cf-785b-4cc8-8c8a-ea8c4638d4dc,citizens.menu,available,27.99,27.99,high,low,8,namesilo,,,18/09/2026 15:13
b663b1f6-621b-4d49-b7a0-ef9257545595,ablution.menu,available,27.99,27.99,medium,low,8,namesilo,,,16/09/2026 16:14
f9cb7a5f-7631-4930-aba7-29f6abfed8f2,occupy.menu,available,27.99,27.99,high,low,6,namesilo,,,23/09/2026 12:12
cc09b134-d12b-44c2-9ceb-0d05328f22fb,plated.menu,available,27.99,27.99,high,low,6,namesilo,,,17/09/2026 05:15
de180a53-7768-44df-a7b9-e0a7dac7346e,sunlit.menu,available,27.99,27.99,high,low,6,namesilo,,,11/09/2026 01:59
0cea25a8-ec37-4e7c-92a2-ecd975923688,slowpoke.menu,available,34.98,38.98,medium,low,8,namecheap,,,10/09/2026 20:25
02a071a8-98f5-4691-8679-19a66abca2e1,unprepared.menu,available,27.99,27.99,medium,low,10,namesilo,,,12/09/2026 17:22
ee56f2ea-42e3-4c5d-a129-e1daa0f00e38,focally.menu,available,34.98,38.98,medium,low,7,namecheap,,,14/09/2026 19:10
0075479a-52c0-4c9d-ab9c-f6b57497c0c4,burp.menu,available,27.99,27.99,high,low,4,namesilo,,,23/09/2026 04:37
f2f739f1-832f-4069-b475-c649784c4f9b,restful.menu,available,27.99,27.99,high,low,7,namesilo,,,09/09/2026 13:26
75dc2535-a9ab-46d4-ae02-d9cbd7882080,alimental.menu,available,27.99,27.99,high,low,9,namesilo,,,
96556645-bb4e-4e0b-a939-7b5405d89f59,twit.menu,available,27.99,27.99,high,low,4,namesilo,,,11/09/2026 09:11
2d7404a1-93f2-41fe-a6cc-3f1cecba85ff,thou.menu,available,27.99,27.99,high,low,4,namesilo,,,21/09/2026 11:11
979d96bf-c302-4e4f-840f-b3f1ca680280,bifacial.menu,available,34.98,38.98,medium,low,8,namecheap,,,09/08/2026 19:57
8d71a756-235c-47d3-a198-e23106936b1b,tailed.menu,available,27.99,27.99,medium,low,6,namesilo,,,11/09/2026 07:08
37747a6e-6402-4a6b-a015-c1290f7c1bf6,sashay.menu,available,27.99,27.99,medium,low,6,namesilo,,,11/09/2026 05:14
8dbc86a2-984e-4317-972e-c0f016cee65c,belisarius.menu,available,27.99,27.99,medium,low,10,namesilo,,,23/09/2026 05:17
1baa55bb-5bf7-4595-ac50-990d9213762f,feather.menu,available,27.99,27.99,high,low,7,namesilo,,,
d67bbcdd-7dfc-4538-ad35-b33943c35a10,devotee.menu,available,27.99,27.99,high,low,7,namesilo,,,11/08/2026 07:49
8652e314-9d67-4248-be80-dd2cd479176d,ladder.menu,available,27.99,27.99,high,low,6,namesilo,,,
3b69e505-e223-4937-a267-9b6dbd58c5f2,boyish.menu,available,27.99,27.99,high,low,6,namesilo,,,11/08/2026 00:04
b9f23947-5d7a-43fd-a431-1a858a2088b9,prompting.menu,available,27.99,27.99,high,low,9,namesilo,,,
5588724a-8d8d-422d-b6ee-9091b28b7f5f,gutless.menu,available,34.98,38.98,medium,low,7,namecheap,,,20/08/2026 21:12
825e718e-3e63-434a-b843-c50a2b721f5b,unsinkable.menu,available,34.98,38.98,medium,low,10,namecheap,,,12/09/2026 19:58
2928b2e1-26d9-43fc-8de1-bfe9f294c2d2,empirical.menu,available,34.98,38.98,high,low,9,namecheap,,,16/08/2026 18:21
4ff7f806-d82d-45d1-872e-0b724da82ccd,talented.menu,available,27.99,27.99,high,low,8,namesilo,,,18/08/2026 23:26
27a73f5e-a26a-40fc-8923-f691f3355f22,worried.menu,available,27.99,27.99,high,low,7,namesilo,,,24/09/2026 11:23
e6a5512a-f027-4533-b3db-94fb60e1872d,supported.menu,available,27.99,27.99,high,low,9,namesilo,,,
b0c6a660-d3d5-49e1-a6f9-5074f5e073b4,rimed.menu,available,27.99,27.99,medium,low,5,namesilo,,,09/09/2026 17:39
d33e9c1d-e95d-4e8b-8210-08c5f1909ebc,perch.menu,available,27.99,27.99,high,low,5,namesilo,,,
7b6c22dc-3321-4b2f-9be3-34221bfe84fa,succeed.menu,available,27.99,27.99,high,low,7,namesilo,,,
3194915c-05b5-499c-8724-6d9b0026a81f,beforehand.menu,available,27.99,27.99,medium,low,10,namesilo,,,09/08/2026 08:51
33338329-2ff1-47b0-b476-6547243ff4fa,auxesis.menu,available,27.99,27.99,medium,low,7,namesilo,,,21/09/2026 08:33
6567a9f7-2945-432b-8cd6-34ec1dcb30f4,autotomic.menu,available,27.99,27.99,medium,low,9,namesilo,,,07/08/2026 21:13
20c7f1a1-4fa4-4b55-b3cf-bd006e8b5754,unrepaired.menu,available,34.98,38.98,medium,low,10,namecheap,,,12/09/2026 18:17
98449909-ce1f-4b9a-9496-06c06b6712ff,adenoma.menu,available,27.99,27.99,medium,low,7,namesilo,,,17/09/2026 07:30
84d2634a-aee7-47ef-b4a2-32a7f04e398c,seemingly.menu,available,34.98,38.98,medium,low,9,namecheap,,,13/09/2026 20:24
cd46af99-8b56-4b7f-ace9-2bdca8c4b105,fleshly.menu,available,27.99,27.99,medium,low,7,namesilo,,,
ccbe142b-09d1-42e1-890b-9dc1ab446ec2,finalized.menu,available,34.98,38.98,medium,low,9,namecheap,,,17/09/2026 13:05
fef75ba4-081c-4dfd-a13b-abc6dbd63590,sagittal.menu,available,34.98,38.98,high,medium,8,namecheap,,,09/09/2026 20:48
953f7fea-bc68-484c-97ad-b9ba32ac4173,hump.menu,available,27.99,27.99,high,low,4,namesilo,,,24/09/2026 11:03
c6dff9c9-847a-4631-961c-5b6912644a9f,deftly.menu,available,27.99,27.99,high,low,6,namesilo,,,14/09/2026 11:20
a322b40c-2f1a-412f-b664-533d7b2ec484,fusiform.menu,available,27.99,27.99,medium,low,8,namesilo,,,12/08/2026 08:02
622070aa-f7c4-4bcc-8945-170932af5ab2,timbered.menu,available,27.99,27.99,high,low,8,namesilo,,,11/09/2026 15:59
31f057c6-9870-4a8f-8b80-9d0401ae2b79,vodka.menu,available,,,high,low,5,,,,
7d2204d1-2a57-4fc2-a131-cad807bda92a,guards.menu,available,27.99,27.99,high,low,6,namesilo,,,
cf59d874-5f64-4e8a-802e-c2966fc4a767,publicly.menu,available,38.98,,high,low,8,namecheap,,,
d5935d84-2dfa-4aee-ad87-143e614694d4,banger.menu,available,34.98,38.98,high,low,6,namecheap,,,22/09/2026 01:46
a3916c43-ad6b-4fe2-b3cd-7ff49e7a114c,pyrenees.menu,available,27.99,27.99,high,low,8,namesilo,,,
02653036-67a2-4a63-9c25-b7567b9cac84,packsack.menu,available,27.99,27.99,medium,low,8,namesilo,,,21/09/2026 14:40
cbd07c88-6092-4922-9bb7-fa71b6414774,cognisance.menu,available,27.99,27.99,high,low,10,namesilo,,,21/09/2026 09:57
11f3a10f-f026-4d72-9117-a1b4eaeca693,involved.menu,available,27.99,27.99,high,low,8,namesilo,,,25/09/2026 11:16
660b14f2-bbff-4752-8566-b392049beec4,gawky.menu,available,27.99,27.99,medium,low,5,namesilo,,,12/08/2026 13:06
aed2d355-f251-49f4-8e93-76647f6decab,offering.menu,available,34.98,38.98,high,low,8,namecheap,,,25/09/2026 09:37
97c994fc-d603-4797-b70d-889970a2a3f9,shoulder.menu,available,34.98,38.98,high,low,8,namecheap,,,20/09/2026 11:31
fdb80dcb-b2ca-4dd3-95ef-75e73cfc9f82,uses.menu,available,34.98,38.98,high,low,4,namecheap,,,25/09/2026 13:12
b8d2e534-7bcf-41cb-b5e0-b625656725be,dolorous.menu,available,27.99,27.99,medium,low,8,namesilo,,,14/08/2026 15:30
ee0a2231-c792-423c-95ff-137676718a4b,praetorian.menu,available,27.99,27.99,high,medium,10,namesilo,,,09/09/2026 00:58
ab6c2297-b06e-4818-993d-37e7095403b6,truce.menu,available,27.99,27.99,high,low,5,namesilo,,,20/09/2026 07:17
57100264-bcfb-4fa4-83c4-1916a00950cc,pulmonic.menu,available,27.99,27.99,high,medium,8,namesilo,,,09/09/2026 05:55
148e0367-6922-4ef4-9d14-4b25d8530645,unkindly.menu,available,27.99,27.99,medium,low,8,namesilo,,,12/09/2026 14:15
cd6ad658-e25b-4224-a684-afe3bbd624cb,beg.menu,available,,,high,low,3,,,,
fb783cd3-9db3-4a23-bca7-4853c063e837,mandaean.menu,available,27.99,27.99,medium,low,8,namesilo,,,24/08/2026 14:38
245f019a-c9bb-43fd-b0e7-54d32280deaa,cot.menu,available,,,high,low,3,,,,
bcfbf225-6e09-4481-9702-0968f1ce14d9,mercenary.menu,available,27.99,27.99,high,low,9,namesilo,,,24/08/2026 17:14
62380289-e08b-498f-ac4f-8e9eeee1c374,joyfully.menu,available,34.98,38.98,high,low,8,namecheap,,,14/09/2026 21:32
b954fd57-b3c5-4a21-8bb5-8523033b8698,perinatal.menu,available,27.99,27.99,high,low,9,namesilo,,,08/09/2026 17:07
0b388425-a31b-4c68-a45d-fcedc9f4b3f7,restriction.menu,available,27.99,27.99,high,low,11,namesilo,,,
0e7153b4-8281-4d13-8567-219d227163cb,believing.menu,available,27.99,27.99,high,low,9,namesilo,,,23/09/2026 05:15
bf521f0c-8f38-4fac-b571-595034dd3ca2,conclusion.menu,available,27.99,27.99,high,low,10,namesilo,,,23/09/2026 14:51
5ecb26d5-92c8-47a8-8596-84c23cdf234f,myalgic.menu,available,27.99,27.99,medium,low,7,namesilo,,,03/09/2026 11:57
fb34e936-4963-497e-81c7-9c9d7327ad0f,hollering.menu,available,27.99,27.99,high,low,9,namesilo,,,23/09/2026 06:21
c6f30122-dd5d-48e9-82c6-e017cf966e58,bladed.menu,available,27.99,27.99,medium,low,6,namesilo,,,10/08/2026 12:14
98df8ab7-acee-433f-b3e8-c4492e8f7152,agal.menu,available,27.99,27.99,medium,low,4,namesilo,,,17/09/2026 16:00
8d4b2ce6-ba89-4a29-b153-ffd53a252b01,bicycles.menu,available,44.99,46.99,medium,low,8,name.com,,,18/09/2026 23:48
9ab47563-9843-4394-9814-cfb94ba82efb,angolan.menu,premium,53.92,53.92,high,low,7,namesilo,,,
1773c2c4-92e5-468d-9a82-11acfedf7f33,nasty.menu,available,27.99,27.99,medium,low,5,namesilo,,,13/08/2026 08:48
a7a3d1dc-6ddf-408b-b335-172c731fec21,complacent.menu,available,34.98,38.98,medium,low,10,namecheap,,,12/08/2026 19:25
ebb4ffc2-5f2e-41c0-b687-5533fc6664b1,jane.menu,available,44.99,46.99,high,low,4,name.com,,,25/09/2026 11:44
13e0fd18-d6a5-494b-a954-2c53b2bd6074,telepathic.menu,available,27.99,27.99,high,low,10,namesilo,,,11/09/2026 10:18
86b16d21-1932-4691-ab6e-4f2c0de4641c,charmingly.menu,available,27.99,27.99,medium,low,10,namesilo,,,14/09/2026 06:21
2eae70bd-42de-4f84-90aa-6f95aafa5a68,abeam.menu,available,27.99,27.99,medium,low,5,namesilo,,,13/09/2026 16:11
ebac7ff3-862c-4279-97b1-0e423c548890,teutonic.menu,available,27.99,27.99,medium,low,8,namesilo,,,11/09/2026 12:13
8f7c49aa-39e6-4e82-9ef6-d931488fab29,volunteering.menu,available,27.99,27.99,high,low,12,namesilo,,,17/09/2026 09:33
5e900768-4c6e-4d1b-920c-d41e1f941a19,ytterbium.menu,available,27.99,27.99,medium,low,9,namesilo,,,20/09/2026 23:38
75333011-08dd-4af2-8599-1c0ff5592b95,incurably.menu,available,27.99,27.99,medium,low,9,namesilo,,,15/09/2026 07:45
6bde2203-4b39-448c-a8d9-1ef29d6ef482,foreordain.menu,available,27.99,27.99,high,medium,10,namesilo,,,09/09/2026 01:24
12ed76f2-ac30-4a34-88f7-e2c7ef757316,boniface.menu,available,34.98,38.98,medium,low,8,namecheap,,,19/09/2026 19:19
4d2d556c-c4a5-44d1-9667-1c95ffeba5d0,lastly.menu,available,38.98,,medium,low,6,namecheap,,,
0cf7d0eb-42dc-43ef-aada-7c0174b6cc99,atavistic.menu,available,27.99,27.99,low,low,9,namesilo,,,07/08/2026 12:55
3c473c88-1bfb-487e-8bda-3cf552cfb139,uneventful.menu,available,27.99,27.99,medium,low,10,namesilo,,,12/09/2026 09:21
2fb22e05-5248-478f-a5f5-9dbd424da896,spat.menu,available,27.99,27.99,high,low,4,namesilo,,,23/09/2026 13:13
7131bb82-94a3-4805-95c2-1a40b8c506cd,tramontana.menu,available,34.98,38.98,medium,low,10,namecheap,,,11/09/2026 18:50
db5deba9-3896-4ca0-ac52-01d86c3968d3,seized.menu,available,38.98,,medium,low,6,namecheap,,,
2c32ebe8-7487-4c9f-be2d-a9255f712279,wrongful.menu,available,27.99,27.99,medium,low,8,namesilo,,,
bd77e9de-6d7e-4534-b03d-42645b87affa,analyzed.menu,available,27.99,27.99,high,low,8,namesilo,,,
273ce4cf-2e44-4265-a352-c345cab1ff43,modal.menu,available,34.98,38.98,high,low,5,namecheap,,,25/09/2026 21:10
727d139f-b302-4769-b954-4798d560bf36,phrenic.menu,available,34.98,38.98,high,medium,7,namecheap,,,08/09/2026 19:21
d0a6bf61-c0b3-4660-a497-52ed7c434500,uncensored.menu,available,27.99,27.99,high,low,10,namesilo,,,12/09/2026 04:53
c525311b-a6ac-4c58-9312-6ca9651b8e8e,divide.menu,available,,,high,low,6,,,,
57326fb4-e4da-40cf-a433-44a40fc83391,compel.menu,available,27.99,27.99,high,low,6,namesilo,,,03/09/2026 23:39
1547ada2-dfc5-4df1-a238-1968ebef376b,gallic.menu,available,27.99,27.99,medium,low,6,namesilo,,,18/08/2026 15:02
55a9c65d-2554-4a05-86ec-a534d3e588b6,slowed.menu,available,27.99,27.99,medium,low,6,namesilo,,,20/09/2026 15:42
13719e7b-aa3f-4389-bde1-840acadad346,rock.menu,available,,,high,low,4,,,,
c44bc755-290e-495f-9e16-5b7aec74e2b8,brusque.menu,available,27.99,27.99,medium,low,7,namesilo,,,11/08/2026 07:02
86f21af6-560b-429e-b97a-3e78d98ec698,cutting.menu,available,44.99,46.99,high,low,7,name.com,,,13/08/2026 13:12
c621ad10-cf70-4412-9af3-d5840a84ca81,skag.menu,available,34.98,38.98,medium,low,4,namecheap,,,23/09/2026 14:39
6521db68-8074-492c-b31f-5c2328838d53,puppylike.menu,available,27.99,27.99,high,medium,9,namesilo,,,09/09/2026 06:10
4e477c4a-40a5-4f60-8d34-dfaad03fcbec,shut.menu,available,27.99,27.99,high,low,4,namesilo,,,12/08/2026 12:10
8616113b-11d6-41d7-9524-d01d58b88516,latter.menu,available,27.99,27.99,high,low,6,namesilo,,,25/09/2026 13:08
fef31bd4-1924-4887-813b-f5808996bf7a,lightly.menu,available,27.99,27.99,high,low,7,namesilo,,,25/09/2026 13:36
1ecb2839-2c81-4fdd-8843-ec4370be6da1,injury.menu,available,27.99,27.99,high,low,6,namesilo,,,25/09/2026 06:58
635e1477-14e0-48e9-9f4a-f364d1209256,agene.menu,available,27.99,27.99,medium,low,5,namesilo,,,17/09/2026 17:07
0904c21f-9146-4514-8151-72016c9acb7f,buttermilk.menu,available,27.99,27.99,high,low,10,namesilo,,,24/09/2026 11:20
fc8b0a52-f5db-480f-8715-64da318b8ca2,sheared.menu,available,27.99,27.99,high,medium,7,namesilo,,,10/09/2026 06:10
f10908ec-d148-405c-8458-74a4f5131590,sporty.menu,available,27.99,27.99,high,low,6,namesilo,,,10/09/2026 16:35
0927bc5f-4610-4cff-baa1-78346be1481b,stolid.menu,available,27.99,27.99,medium,low,6,namesilo,,,21/08/2026 21:51
e7999355-6eae-4032-b2d2-a54bedac0981,violent.menu,available,27.99,27.99,high,low,7,namesilo,,,11/09/2026 09:46
82e35c92-8216-4b8a-a7ac-734551769029,hoydenish.menu,available,27.99,27.99,low,low,9,namesilo,,,21/08/2026 14:29
4b8f9a0c-caa7-4e3b-9181-8f75e9d87ffc,assess.menu,available,27.99,27.99,high,low,6,namesilo,,,
71b36a0d-e46c-4680-ae03-7d6a9f3d1aaa,midwife.menu,available,27.99,27.99,high,low,7,namesilo,,,16/09/2026 23:05
5af68518-e834-492c-b3ad-7f6dd8415c2a,spavined.menu,available,27.99,27.99,high,medium,8,namesilo,,,10/09/2026 15:20
4f28df64-8eb1-494f-b45d-e224c17eec33,streetfighter.menu,available,38.98,,medium,low,14,namecheap,,,
ca330e23-4ce6-42da-8abe-1de74271f341,accomplice.menu,available,27.99,27.99,high,low,10,namesilo,,,16/09/2026 22:50
5a4fbfb9-ddb9-4675-abaf-a43437b84212,dafla.menu,available,27.99,27.99,medium,low,5,namesilo,,,16/09/2026 16:37
7c5a8817-aa3a-43ef-a93a-db941b598c41,katy.menu,available,,,high,low,4,,,,
914eff44-5e35-4ad0-90cc-c663931bc912,initially.menu,available,27.99,27.99,high,low,9,namesilo,,,
417dfd9a-bc2c-4677-afdd-877f8a6e5830,blasting.menu,available,27.99,27.99,high,low,8,namesilo,,,10/08/2026 13:10
fb367e0b-7763-44f2-924c-9ed12c6e947f,smartphone.menu,available,27.99,27.99,high,low,10,namesilo,,,
2bc674c7-c9d7-4159-8c3c-0a695af88032,baronage.menu,available,27.99,27.99,medium,low,8,namesilo,,,22/09/2026 07:18
42b1730e-b9da-4980-8728-95243b4f0f41,abides.menu,available,27.99,27.99,medium,low,6,namesilo,,,18/09/2026 17:00
a1519b05-85ba-4599-996c-bf1b704d4097,dicky.menu,available,27.99,27.99,medium,low,5,namesilo,,,14/08/2026 06:27
44ca8071-9989-49e7-a4af-879fe2128fc0,baronet.menu,available,34.98,38.98,high,low,7,namecheap,,,22/09/2026 07:28
3af73306-a568-4f2a-969e-da59351a2678,lateral.menu,available,34.98,38.98,high,low,7,namecheap,,,22/08/2026 20:34
d01bc1c9-239b-4bfb-a662-f386c9d8f544,atrazine.menu,available,27.99,27.99,medium,low,8,namesilo,,,21/09/2026 00:37
26f5b7f0-81e2-4aae-a20f-24bb6e7a06fd,community.menu,available,,,high,medium,9,,,,
86ce434e-425a-47fa-9d4f-40299723af76,henceforth.menu,available,27.99,27.99,medium,low,10,namesilo,,,15/09/2026 00:15
70ddce2f-1d58-46e6-a97b-2021e66b67f1,fully.menu,available,34.98,38.98,high,low,5,namecheap,,,18/08/2026 17:52
ca344d80-eece-4830-8e25-4cf040bc164d,balsamic.menu,available,27.99,27.99,high,low,8,namesilo,,,22/09/2026 16:34
b4b6c859-6c4e-4ed8-8bc1-fbbb5b57da65,cursed.menu,available,27.99,27.99,high,low,6,namesilo,,,13/08/2026 11:32
7e084624-44cd-4114-8cd2-8681a7eca38b,enchanted.menu,available,27.99,27.99,high,low,9,namesilo,,,16/08/2026 22:14
c626c963-625c-4349-a5af-71ec29c2ec9f,lakh.menu,available,27.99,27.99,medium,low,4,namesilo,,,21/08/2026 15:36
7d21e4fa-c038-4c4d-aa10-4f7ec935ae16,babushka.menu,available,27.99,27.99,high,low,8,namesilo,,,21/09/2026 12:58
347d8246-f3e6-4c06-87d6-2d281273a8dd,newfound.menu,available,27.99,27.99,medium,low,9,namesilo,,,08/09/2026 04:48
e07f49bc-53ab-49dc-84cd-db1238e51adc,aright.menu,available,27.99,27.99,high,low,6,namesilo,,,13/09/2026 20:49
52d0730d-a671-4f9f-a151-140bc7b77b4b,dahna.menu,available,27.99,27.99,medium,low,5,namesilo,,,19/09/2026 23:21
c686a924-72b6-4506-98ed-b2acdf0df5aa,oversewn.menu,available,27.99,27.99,medium,low,8,namesilo,,,04/09/2026 21:48
1dc0aa74-b598-4c81-9a82-7a9cd8d39475,prater.menu,available,27.99,27.99,medium,low,6,namesilo,,,21/09/2026 12:26
8857801a-ce6c-4554-b58f-b118c67917cd,burred.menu,available,27.99,27.99,medium,low,6,namesilo,,,08/08/2026 17:23
f91194ea-9eae-4b37-8c28-2930cc023da8,accentuate.menu,available,27.99,27.99,high,low,10,namesilo,,,16/09/2026 21:56
0019ead0-4cde-4d0e-9319-db0eea574989,illiterate.menu,available,34.98,38.98,medium,low,10,namecheap,,,21/08/2026 20:03
49b5e42d-4515-4136-a49a-364a4da4de72,seattle.menu,available,,,high,low,7,,,,
b7a3fc06-87ba-4106-aa69-247705f5135c,determines.menu,available,27.99,27.99,medium,low,10,namesilo,,,19/09/2026 23:58
1d730a7a-2a70-4f3a-be4b-46b8e6acc745,deliver.menu,available,,,high,low,7,,,,
2963038e-6dcb-4df0-a76a-f24d838c8f99,beeper.menu,available,27.99,27.99,high,low,6,namesilo,,,23/09/2026 01:31
35c0e5f9-ac0c-43f9-b118-b9e8303b5f5f,brought.menu,available,27.99,27.99,medium,low,7,namesilo,,,
ecb0bd23-0bab-4660-8b32-d755b1fbb466,depleted.menu,available,27.99,27.99,medium,low,8,namesilo,,,14/08/2026 02:23
0cec817a-2e5e-4904-95fe-7b3a81d4c536,dodgy.menu,available,27.99,27.99,medium,low,5,namesilo,,,12/08/2026 01:46
fdb96165-57af-4db3-a1c0-9ddabd25f47e,acetin.menu,available,27.99,27.99,medium,low,6,namesilo,,,17/09/2026 00:06
58d1e082-aa9a-4f8f-a885-9780a0ff3fe6,unlined.menu,available,27.99,27.99,medium,low,7,namesilo,,,12/09/2026 14:54
638283e6-1bd8-4b56-8ab8-f1d46ef37e47,alcazar.menu,available,34.98,38.98,medium,low,7,namecheap,,,18/09/2026 03:51
6d900d43-42b7-4ae0-8f11-7ed956613f1c,adrenaline.menu,available,27.99,27.99,high,low,10,namesilo,,,17/09/2026 09:55
2a3b1d99-d436-4d17-b0fd-41bba7270930,learning.menu,available,27.99,27.99,high,low,8,namesilo,,,25/09/2026 02:00
37f09d54-414f-4b16-ba40-f5583826f398,punic.menu,available,34.98,38.98,medium,low,5,namecheap,,,11/08/2026 19:51
64cb6ecc-c1f3-4f38-85f2-b88dab60903c,darn.menu,available,44.99,46.99,high,low,4,name.com,,,13/08/2026 16:10
ef74bec5-ce5f-4330-9ba9-59658b11fb2c,basswood.menu,available,44.99,46.99,medium,low,8,name.com,,,22/09/2026 12:34
aad5e909-f43e-4160-a816-a7a24059ff88,minor.menu,available,34.98,38.98,high,low,5,namecheap,,,25/09/2026 20:28
95a8078f-c476-4718-aeac-5cac7f940b13,incumbent.menu,available,27.99,27.99,high,low,9,namesilo,,,22/08/2026 02:03
c239113d-9268-4f3c-bbc6-5a51ddc98b7b,clarity.menu,available,27.99,27.99,high,medium,7,namesilo,,,
8c0be5f9-2164-4f18-930c-8bd2316e5a9a,anabatic.menu,available,27.99,27.99,medium,low,8,namesilo,,,
ba586860-e08f-40c7-9e31-66e37fa6d8e2,tractile.menu,available,27.99,27.99,medium,low,8,namesilo,,,11/09/2026 18:39
a0ddf79f-c75f-4f2c-91b0-593a7ced3187,cholera.menu,available,27.99,27.99,medium,low,7,namesilo,,,20/09/2026 14:08
f26caa21-f10d-4cf0-b2c9-6e726675a55a,testify.menu,available,27.99,27.99,high,low,7,namesilo,,,25/09/2026 11:08
69bbfa56-c0bf-490f-8275-ae7b088e1f81,marguerite.menu,available,34.98,38.98,high,low,10,namecheap,,,20/09/2026 04:58
7ba55a6e-3587-4312-bd3c-2b4bf141bcea,lullaby.menu,available,27.99,27.99,high,low,7,namesilo,,,23/09/2026 09:09
a0d886a4-f66d-4107-b448-fbd18e3d618e,shall.menu,available,27.99,27.99,high,low,5,namesilo,,,
668077d8-7b5a-464e-bb5f-2dac0220ad71,singsong.menu,available,27.99,27.99,high,low,8,namesilo,,,12/08/2026 02:09
6833d858-d44f-4749-a250-91fa26fd9158,walt.menu,available,27.99,27.99,high,low,4,namesilo,,,25/09/2026 12:09
f87c0566-a4a0-4d15-96e4-8ecd174962e4,albumin.menu,available,27.99,27.99,high,low,7,namesilo,,,18/09/2026 03:26
eb1d282d-fb00-44ef-a3cd-ab7be4c304a5,aare.menu,available,34.98,38.98,high,low,4,namecheap,,,16/09/2026 13:18
692e119e-1a95-4fef-97e9-c359828eb330,roll.menu,available,38.98,,high,low,4,namecheap,,,
79fa9365-1405-4c7a-af8e-6f4f245b5b6e,tempered.menu,available,27.99,27.99,high,low,8,namesilo,,,11/09/2026 10:50
fb1daf0b-bb52-46f4-97d3-ae1b5bbefea2,fisheye.menu,available,27.99,27.99,high,low,7,namesilo,,,18/08/2026 05:28
f04b6496-5f97-4573-8b21-b771970c005f,seaborgium.menu,available,34.98,38.98,medium,low,10,namecheap,,,20/09/2026 22:06
30be538b-19fc-4685-8b4c-d8abae506e34,zapotec.menu,available,27.99,27.99,high,low,7,namesilo,,,13/09/2026 15:07
fb3b2871-2e90-4ca9-8b6c-90d58a2c0de6,suety.menu,available,27.99,27.99,medium,low,5,namesilo,,,11/09/2026 01:08
b27e2f69-4720-4bc4-9a0a-8c89a8e70b27,yard.menu,available,34.98,38.98,high,low,4,namecheap,,,21/09/2026 11:13
21bb52de-b918-46ea-b8ac-24561dcfc5eb,dialectal.menu,available,27.99,27.99,medium,low,9,namesilo,,,14/08/2026 05:48
f6b876ab-9a3c-4591-8a73-872e38d76e6e,purge.menu,available,27.99,27.99,high,medium,5,namesilo,,,09/09/2026 06:19
d8464e1e-9e9d-48c7-a3e3-d20d316de819,anodal.menu,available,27.99,27.99,medium,low,6,namesilo,,,
b8fcbf6f-268f-4978-8335-762f76ceb2b8,knowingly.menu,available,27.99,27.99,high,low,9,namesilo,,,15/09/2026 10:35
397c599a-1480-4bf2-8fbb-4ae7689136fa,apocope.menu,available,34.98,38.98,medium,low,7,namecheap,,,19/09/2026 18:11
f320fbe0-17bc-480d-be32-4374cf658caf,indigenous.menu,available,27.99,27.99,high,low,10,namesilo,,,07/08/2026 19:31
d6b25ff4-56e4-4fbb-92d7-7efc96cac831,linked.menu,available,27.99,27.99,high,low,6,namesilo,,,25/09/2026 13:54
7ef521d4-7cb8-4112-aa10-c292d36112ca,benzyl.menu,available,34.98,38.98,high,low,6,namecheap,,,23/09/2026 09:03
144a56db-bf5e-4502-9d69-5464c5453618,niner.menu,available,27.99,27.99,medium,low,5,namesilo,,,
3c50463c-b4bd-408f-8f13-bc1fc688f42c,astasia.menu,available,27.99,27.99,medium,low,7,namesilo,,,20/09/2026 16:54
c6440d9a-ef5d-4006-8d5f-536ceeac3e9a,odds.menu,available,27.99,27.99,high,low,4,namesilo,,,23/09/2026 11:46
f67116a2-ccd3-4cdc-a2e2-38d09cea8c95,terrene.menu,available,27.99,27.99,medium,low,7,namesilo,,,11/09/2026 10:41
3b644d79-1b11-4cb3-ae24-0d9d864c56d6,whatsoever.menu,available,27.99,27.99,medium,low,10,namesilo,,,22/09/2026 06:59
02f040c1-5901-4b7e-a3cb-e32e1cee0633,softness.menu,available,27.99,27.99,high,low,8,namesilo,,,21/09/2026 23:37
2b158a28-eec0-4aa7-a2d7-594adcd3a3b3,hone.menu,available,27.99,27.99,high,low,4,namesilo,,,08/09/2026 16:29
6de6a3bc-0c29-4e53-921e-17a4e95afb1f,berg.menu,available,27.99,27.99,high,low,4,namesilo,,,18/09/2026 02:21
aac4727f-3a04-433b-a6f5-2710bd340fc6,amazona.menu,available,27.99,27.99,high,low,7,namesilo,,,18/09/2026 16:23
4b206bab-ad5b-473b-b23a-4b807ede6142,kindled.menu,available,27.99,27.99,high,low,7,namesilo,,,17/08/2026 09:33
8d7903a9-071f-40ab-a935-cc087ce460e6,abaya.menu,available,27.99,27.99,medium,low,5,namesilo,,,16/09/2026 14:18
8e358bed-1a7a-467f-94a2-db45033d78be,letting.menu,available,27.99,27.99,high,low,7,namesilo,,,09/09/2026 14:21
d1ae69d2-939e-4b18-bfbe-8c5b83a1e128,imprisoned.menu,available,34.98,38.98,medium,low,10,namecheap,,,11/08/2026 18:22
09b45c03-db32-40f3-b898-a667eee7a584,uninformed.menu,available,27.99,27.99,medium,low,10,namesilo,,,12/09/2026 13:22
e370c3f4-c08c-4634-91fc-fd5588561529,unwieldy.menu,available,27.99,27.99,medium,low,8,namesilo,,,12/08/2026 13:10
fcd637d0-b806-4289-bffb-cc8a782f4204,rappel.menu,available,27.99,27.99,medium,low,6,namesilo,,,16/09/2026 17:38
9af4a5f7-1d15-444a-811a-2eb0ecf4f7c1,scrap.menu,available,27.99,27.99,high,low,5,namesilo,,,18/08/2026 03:49
dafa3796-5552-4eda-9d89-418feaa9830f,hasten.menu,available,27.99,27.99,medium,low,6,namesilo,,,09/09/2026 19:47
9fc773d6-c1fc-4289-9848-e36d2339e582,gossipy.menu,available,34.98,38.98,medium,low,7,namecheap,,,20/08/2026 17:09
1e19bd2a-d48d-4c49-94c9-735e3924639e,unlaced.menu,available,27.99,27.99,medium,low,7,namesilo,,,12/09/2026 14:37
5d8418d5-ee78-4319-b0ee-90e32e7fd653,arctiid.menu,available,27.99,27.99,medium,low,7,namesilo,,,20/09/2026 02:47
dc40069d-64f5-4c24-b6b5-775ab92323e7,concentrate.menu,available,27.99,27.99,high,low,11,namesilo,,,26/09/2026 00:53
51512733-ca13-4e13-b291-1836e747b8f4,conjointly.menu,available,27.99,27.99,medium,low,10,namesilo,,,14/09/2026 07:27
7b65aa51-4594-480a-a55e-18418ceeecc1,lesser.menu,available,27.99,27.99,medium,low,6,namesilo,,,23/08/2026 00:24
0144fef5-259d-4ad4-aac0-0e0a5bdb89a4,wondrous.menu,available,27.99,27.99,high,low,8,namesilo,,,25/09/2026 00:25
783005b2-b61d-4cc8-88e8-6f468425ffc6,bowl.menu,available,34.98,38.98,high,low,4,namecheap,,,24/09/2026 07:38
97eed4a0-3b6d-4e95-b737-f01ab7572d6f,timid.menu,available,27.99,27.99,high,low,5,namesilo,,,11/08/2026 22:46
069b8f9c-18f4-4278-abf9-14269b2ab9d8,bearer.menu,available,34.98,38.98,high,low,6,namecheap,,,22/09/2026 21:14
a41db736-75c2-4379-a810-7b5c8395e342,dinkey.menu,available,27.99,27.99,medium,low,6,namesilo,,,14/08/2026 08:16
3af2dc38-7ac5-46c5-ae3b-27879a974840,carangid.menu,available,34.98,38.98,medium,low,8,namecheap,,,11/08/2026 18:31
6a3aae7c-738a-4d8a-803d-7dcf11de0eec,barmaid.menu,available,34.98,38.98,high,low,7,namecheap,,,22/09/2026 06:36
6a821bb7-ee13-4b3b-9c39-da534250399a,septenary.menu,available,27.99,27.99,medium,low,9,namesilo,,,
da8f348a-068f-4069-a5a0-f01b9ee9cf45,brisk.menu,available,27.99,27.99,high,low,5,namesilo,,,11/08/2026 00:32
8b3cdbde-b9dd-4caf-a2c5-98d638f74b83,albescent.menu,available,27.99,27.99,medium,low,9,namesilo,,,
8a12e26a-e1dd-4956-99e6-6cd0f3c40c4b,locally.menu,available,38.98,,high,low,7,namecheap,,,
9ab193ba-095b-4983-8681-dc0ef533398f,volary.menu,available,27.99,27.99,medium,low,6,namesilo,,,21/09/2026 09:24
436b1bed-e349-4b9b-b3c0-386619fab8f1,acceptably.menu,available,27.99,27.99,high,medium,10,namesilo,,,10/09/2026 12:55
731cdb4d-dc84-4dbb-967f-4e38a1c8b4a2,playacting.menu,available,34.98,38.98,medium,low,10,namecheap,,,
01c417f1-dd74-48c2-84e1-efaee9e491a8,skeletal.menu,available,34.98,38.98,high,low,8,namecheap,,,10/08/2026 19:00
e111d97f-6296-4a2c-99d7-b8c74a631736,amaurosis.menu,available,27.99,27.99,medium,low,9,namesilo,,,18/09/2026 16:17
855d445b-ebc6-42c2-8569-367c85b8d562,migrator.menu,available,27.99,27.99,medium,low,8,namesilo,,,24/08/2026 22:51
f35c1044-1da6-4058-8a41-fbe683a58f6f,incendiary.menu,available,27.99,27.99,medium,low,10,namesilo,,,22/08/2026 00:54
65797d24-e013-4d8b-a498-d56e53c53d5d,witching.menu,available,27.99,27.99,high,low,8,namesilo,,,13/09/2026 12:46
57248baf-55b6-4c6f-8b62-6507a1b1906e,frantic.menu,available,27.99,27.99,high,low,7,namesilo,,,18/08/2026 14:15
11d382b7-b033-4f4a-92c0-2c51409c286e,eulogistic.menu,available,27.99,27.99,medium,low,10,namesilo,,,16/08/2026 23:07
7fab3001-10ba-4088-b010-300155cf1155,balancer.menu,available,34.98,38.98,high,low,8,namecheap,,,21/09/2026 20:52
d22e4fe3-9b8f-4775-a6d0-1819aa353e13,wolfgang.menu,available,27.99,27.99,high,low,8,namesilo,,,25/09/2026 15:09
ce2e02ea-48a6-410b-a511-eab97ebe1b2c,mandibular.menu,available,27.99,27.99,medium,low,10,namesilo,,,22/08/2026 04:40
de056cae-0b59-41e5-ba07-9ef33025e7d9,anatropous.menu,available,27.99,27.99,medium,low,10,namesilo,,,
c3da0df2-1f71-4287-a649-979cec254a5c,dighted.menu,available,27.99,27.99,low,low,7,namesilo,,,14/08/2026 07:17
ea2ac70f-691d-4491-9d14-a2ccbe23bd84,sunk.menu,available,27.99,27.99,medium,low,4,namesilo,,,11/09/2026 01:50
d835a1c8-bfe1-4a25-a817-14f77429f2b6,mingle.menu,available,34.98,38.98,high,low,6,namecheap,,,22/09/2026 03:11
abb19f75-9072-439f-8722-3e4ac0161ffe,shinto.menu,available,27.99,27.99,high,medium,6,namesilo,,,10/09/2026 06:32
42f54166-7409-4b5b-9a48-72e45fd9a1af,onionskin.menu,available,27.99,27.99,medium,low,9,namesilo,,,18/08/2026 08:17
d6b47582-3aef-42a3-9cad-1705d7e0ddee,cloud.menu,available,,,high,medium,5,,,,
192c1d5e-897a-47b0-94e6-86c3d6d77cee,noachian.menu,available,34.98,38.98,medium,low,8,namecheap,,,03/09/2026 17:58
47ead68a-95a4-40a4-a10f-6f101edde307,apadana.menu,available,27.99,27.99,medium,low,7,namesilo,,,19/09/2026 16:10
0996c2b5-6bc6-4479-84d6-3217fab2a16b,mandatory.menu,available,34.98,38.98,high,low,9,namecheap,,,23/09/2026 18:22
9283c522-1442-4655-b6aa-cf32d6f5d5ae,shakedown.menu,available,27.99,27.99,medium,low,9,namesilo,,,10/09/2026 05:40
629e85d2-da30-44ae-bcb3-b7eed4a68346,lips.menu,available,38.98,,high,low,4,namecheap,,,
50da4118-f286-418f-8ee9-a31b55b3babd,cousin.menu,available,34.98,38.98,high,low,6,namecheap,,,24/09/2026 18:49
1bed5dbc-4e9c-4734-bddf-8faae1cd1463,almaata.menu,available,27.99,27.99,medium,low,8,namesilo,,,18/09/2026 12:23
11847c6f-83c2-4731-9594-1cdb5cbf0d73,binaural.menu,available,27.99,27.99,medium,low,8,namesilo,,,09/08/2026 18:40
b4385fa2-5e22-4b51-b7b5-ca3a0a8c6148,asked.menu,available,27.99,27.99,high,low,5,namesilo,,,
054f6832-12d8-49c1-ab5f-89199fd0962e,glimmery.menu,available,27.99,27.99,medium,low,8,namesilo,,,20/08/2026 14:28
ca9fa699-2765-482d-8149-74bbb2eedf29,underestimate.menu,available,27.99,27.99,high,low,13,namesilo,,,
53d9a09d-5ac0-4e96-bc3f-71b970618403,natality.menu,available,34.98,38.98,medium,low,8,namecheap,,,23/09/2026 21:04
f61ed028-0a56-4f59-9ff3-7857a08a2922,eminent.menu,available,27.99,27.99,high,low,7,namesilo,,,16/08/2026 15:06
7d5c2235-7cd3-42cc-82dc-c2dc8564d951,choosey.menu,available,27.99,27.99,high,low,7,namesilo,,,12/08/2026 06:55
fff2f52e-b8d8-4e73-b516-4f4eb427ae0e,conversation.menu,available,27.99,27.99,high,low,12,namesilo,,,26/09/2026 00:44
90594209-bf21-4023-a2d2-853d7f729891,avocet.menu,available,34.98,38.98,medium,low,6,namecheap,,,21/09/2026 09:44
108db93a-6fcc-4c35-9f41-093006f79dff,grandfathers.menu,available,27.99,27.99,medium,low,12,namesilo,,,20/09/2026 22:52
608e8fa2-964b-4c3d-88fb-44a4149e9cc6,alkaline.menu,available,34.98,38.98,high,low,8,namecheap,,,22/09/2026 00:14
ae2a3b73-7dca-460c-89c7-4b60246cffbf,advertising.menu,available,27.99,27.99,high,low,11,namesilo,,,23/09/2026 07:26
41d16269-0822-4ef7-ae13-02d860e91ab2,anode.menu,available,27.99,27.99,high,low,5,namesilo,,,19/09/2026 11:14
5513437a-ea6d-4f6e-8384-bb4a967f22d7,bushy.menu,available,27.99,27.99,high,low,5,namesilo,,,11/08/2026 11:15
b09f73cb-d36f-44c1-b184-d975d0cc20e5,clueless.menu,available,27.99,27.99,medium,low,8,namesilo,,,12/08/2026 13:05
3738909f-f80c-4f4d-8c64-a37ac82559c0,digestible.menu,available,27.99,27.99,high,low,10,namesilo,,,14/08/2026 07:14
3e4c7b22-ca80-47bd-9e12-fd6134d7050f,fragmental.menu,available,27.99,27.99,medium,low,10,namesilo,,,18/08/2026 14:01
7db51eaa-f6c0-424d-8d5f-b8b66806efb4,marsupial.menu,available,27.99,27.99,high,low,9,namesilo,,,24/08/2026 16:32
28350aac-4012-4a1e-bd2b-891121687e55,whatnot.menu,available,27.99,27.99,high,low,8,namesilo,,,
749ea1e2-c760-471a-af9a-c3baa2865a6b,resinlike.menu,available,27.99,27.99,medium,low,9,namesilo,,,09/09/2026 15:11
a431e683-f565-41a3-83dc-4f1f27abec9d,refreshing.menu,available,27.99,27.99,high,low,10,namesilo,,,11/08/2026 00:37
f9a7d65f-3b62-49f7-828e-996818b6806c,decide.menu,available,27.99,27.99,high,low,6,namesilo,,,
a51c11ad-2e85-47ec-8762-6e5717e2206b,additional.menu,available,27.99,27.99,high,low,10,namesilo,,,21/09/2026 17:14
6c2f21d5-8e08-4430-be39-701e9f82153b,sift.menu,available,27.99,27.99,high,low,4,namesilo,,,
0e5b47d8-5771-4725-8e1e-92e64d3125b1,elected.menu,available,27.99,27.99,high,low,7,namesilo,,,16/08/2026 02:35
c133a30a-e1ec-4ace-839b-350fe5c6489f,faddy.menu,available,27.99,27.99,medium,low,5,namesilo,,,17/08/2026 20:35
98f8061e-265c-412b-bd02-70ec3c3d49df,dandily.menu,available,27.99,27.99,medium,low,7,namesilo,,,14/09/2026 10:33
7709241c-34f8-48a4-93e4-0b2881e5be05,teammate.menu,available,38.98,,high,low,8,namecheap,,,
496b8659-993f-4c1f-96a4-862c6ce3dac2,baic.menu,available,34.98,38.98,medium,low,4,namecheap,,,21/09/2026 18:51
4bcd56a0-80fe-4081-81e9-97cac6609f9f,abls.menu,available,27.99,27.99,medium,low,4,namesilo,,,16/09/2026 16:13
0f24c580-f38b-40e1-83fc-95cbbdaba19d,nazimova.menu,available,27.99,27.99,medium,low,8,namesilo,,,18/09/2026 09:38
3343bd99-6187-4a19-8c51-59357763b34d,altitude.menu,available,27.99,27.99,high,low,8,namesilo,,,18/09/2026 14:29
a104b130-7e3b-47da-be49-3c833e1d9135,sensibly.menu,available,27.99,27.99,medium,low,8,namesilo,,,16/09/2026 00:35
747891f8-06f5-47b4-a339-bba11159f4a8,bakelite.menu,available,34.98,38.98,medium,low,8,namecheap,,,21/09/2026 20:15
9ae42924-f559-45e8-8fda-854eb2b88e91,ephemeron.menu,available,27.99,27.99,medium,low,9,namesilo,,,17/08/2026 10:22
5090c82d-69fc-49c8-84e2-919580d3e307,sisal.menu,available,27.99,27.99,medium,low,5,namesilo,,,17/09/2026 16:39
47c62d92-e955-4346-ac0a-99ed78562a03,appointed.menu,available,27.99,27.99,high,low,9,namesilo,,,06/08/2026 07:21
03e1ece9-a6ff-4b6f-9513-d9e02d7f6d9f,sculpt.menu,available,34.98,38.98,high,low,6,namecheap,,,20/08/2026 18:43
842c06ff-fcc9-4c8b-a24b-913a6a6b4e38,orpine.menu,available,27.99,27.99,medium,low,6,namesilo,,,24/08/2026 07:58
337ce896-f883-4f25-b75e-97a14cf62f14,almandine.menu,available,34.98,38.98,medium,low,9,namecheap,,,18/09/2026 12:29
38918d07-9c0b-4b3e-88b5-dae49e59a852,zaman.menu,available,27.99,27.99,high,low,5,namesilo,,,18/09/2026 03:15
12f0a7f6-7455-4488-99d6-591883eb2d34,unruly.menu,available,27.99,27.99,high,low,6,namesilo,,,10/08/2026 17:42
69cba3d8-7021-4d5d-aedf-941f6cb80bfa,broadloom.menu,available,27.99,27.99,medium,low,9,namesilo,,,11/08/2026 04:59
9da1ea09-a5c9-4e80-a134-08fb3e063ec6,oxidised.menu,available,27.99,27.99,medium,low,8,namesilo,,,04/09/2026 22:28
0064cd19-6633-4e52-9968-f9bd576af366,astacus.menu,available,27.99,27.99,medium,low,7,namesilo,,,20/09/2026 16:51
9c4fc541-bf4a-42e2-872f-c5b5a734547d,consequent.menu,available,27.99,27.99,high,low,10,namesilo,,,
fcdde0da-4b6b-4063-8b22-dae9fe8c23c8,innocuous.menu,available,27.99,27.99,high,low,9,namesilo,,,22/08/2026 05:56
39e44b87-20ab-48c3-9bcb-a046de33a698,agapanthus.menu,available,34.98,38.98,medium,low,10,namecheap,,,17/09/2026 16:11
f0f8e220-991b-42ff-bf9e-ab6e38f355dd,judgment.menu,available,27.99,27.99,high,low,8,namesilo,,,
b0f744bd-03ce-4240-803c-deb31f7fadb4,trna.menu,available,27.99,27.99,high,low,4,namesilo,,,16/09/2026 22:03
c5589423-9fcd-4531-9329-39ca49d65d44,autostrada.menu,available,27.99,27.99,high,low,10,namesilo,,,21/09/2026 07:54
345dcc0b-d1e3-4cbe-9dcb-5ed6965095ad,uptight.menu,available,27.99,27.99,medium,low,7,namesilo,,,15/08/2026 09:30
24825fa0-c9dd-475f-8664-815351b2781b,tastily.menu,available,27.99,27.99,high,low,7,namesilo,,,16/09/2026 08:03
0068fa30-11b9-4ded-9ec9-707f61a5d9b4,types.menu,available,27.99,27.99,high,low,5,namesilo,,,18/09/2026 16:19
520f2e2e-03c1-4dc3-9434-640b08131f32,phantasm.menu,available,34.98,38.98,high,low,8,namecheap,,,08/09/2026 18:36
9b05fd37-1766-486e-8dd6-ecb30aa48007,unformed.menu,available,27.99,27.99,medium,low,8,namesilo,,,12/09/2026 10:39
c843a0d6-b7e1-4b69-bdc2-1f2702143ec7,nuthin.menu,available,27.99,27.99,medium,low,6,namesilo,,,
b83955f9-0473-4e4c-ab02-ab375a724889,grownup.menu,available,27.99,27.99,high,low,7,namesilo,,,
0f1b2890-e3d9-40bd-83eb-12edad8f6ea9,integrate.menu,available,27.99,27.99,high,low,9,namesilo,,,24/09/2026 06:03
467dbcd7-5c83-42da-bc24-a5e87092ddb1,overall.menu,available,34.98,38.98,high,low,7,namecheap,,,26/09/2026 03:25
b57eac4e-f6fc-4af9-b441-1c05a717b861,ishmael.menu,available,34.98,38.98,high,low,7,namecheap,,,04/09/2026 19:10
470cf4f3-b2fa-4177-9bea-9a6ca9c799b4,whiff.menu,available,27.99,27.99,high,low,5,namesilo,,,09/09/2026 05:39
8e079499-1b25-4097-948c-b5c8e84397e3,damp.menu,available,44.99,46.99,medium,low,4,name.com,,,13/08/2026 16:39
87316aa4-2dfc-4428-a3f9-495d58052d38,subscribed.menu,available,27.99,27.99,high,low,10,namesilo,,,11/09/2026 00:41
ead2f749-ed60-4a7a-b7ca-b74b65bc3147,beleaguer.menu,available,27.99,27.99,medium,low,9,namesilo,,,21/09/2026 17:03
bf068717-ed47-4ad9-b193-6a39862c551e,bricole.menu,available,27.99,27.99,medium,low,7,namesilo,,,20/09/2026 00:36
0690729f-afd7-4e4f-891f-24761d8933ba,tasseled.menu,available,27.99,27.99,medium,low,8,namesilo,,,11/09/2026 08:52
043fdf44-2795-4b5d-8b7b-8d2f5934bcff,slovakian.menu,available,27.99,27.99,high,low,9,namesilo,,,10/09/2026 11:16
38360d54-0e3a-4ac3-adb2-9d04d8c5bbaa,prick.menu,available,27.99,27.99,medium,low,5,namesilo,,,08/08/2026 23:38
a0d8b1a6-968f-47f8-914d-15102326595e,amnios.menu,available,27.99,27.99,medium,low,6,namesilo,,,18/09/2026 22:26
2e933a06-d7f4-4ffc-a63f-cc848f997818,desirous.menu,available,27.99,27.99,medium,low,8,namesilo,,,14/08/2026 03:49
f045969c-c8ed-4e3b-afc8-8d69b513822e,anarchist.menu,available,27.99,27.99,high,low,9,namesilo,,,19/09/2026 02:24
46b6d59b-8ce3-4305-ab54-07580e82409d,photocopying.menu,available,27.99,27.99,medium,low,12,namesilo,,,20/09/2026 03:35
74ae65f9-8f3d-46ce-a4f7-3ffe3968385d,straggly.menu,available,27.99,27.99,high,medium,8,namesilo,,,09/09/2026 10:04
8e291abb-b8e4-4a72-9985-f4d38a398c1b,doughnut.menu,available,27.99,27.99,high,low,8,namesilo,,,
ed34d2ec-ad47-4ac4-bf36-cafa92abe5c8,deepening.menu,available,27.99,27.99,medium,low,9,namesilo,,,13/08/2026 23:00
c1ee969c-6381-4068-9552-177da0060b33,bibos.menu,available,27.99,27.99,low,low,5,namesilo,,,23/09/2026 13:02
28b652a7-d684-4b86-b29b-9fabb9f16f75,circuitous.menu,available,27.99,27.99,medium,low,10,namesilo,,,12/08/2026 08:18
da31f5cb-eeae-45c2-ae71-498e3088d382,tubed.menu,available,34.98,38.98,medium,low,5,namecheap,,,11/09/2026 20:56
7ffd8d08-c2f8-43ea-9427-b84ee8be181b,hammer.menu,available,27.99,27.99,high,low,6,namesilo,,,
23292eaa-e8a6-49ea-8bfd-1cecb8bbba14,sunburned.menu,available,27.99,27.99,medium,low,9,namesilo,,,11/09/2026 01:46
07aa4d8c-bf21-4b0c-8759-36d64a12e1d0,pentad.menu,available,27.99,27.99,medium,low,6,namesilo,,,
28f6571a-f053-4259-950c-fbc258fc8400,nonskid.menu,available,34.98,38.98,medium,low,7,namecheap,,,03/09/2026 20:36
5c1585c4-c90f-48bd-8d5d-b0e43b981918,conceit.menu,available,27.99,27.99,high,low,7,namesilo,,,18/09/2026 22:51
02e9a261-865d-4b61-bee9-dd48a327720e,theory.menu,available,27.99,27.99,high,low,6,namesilo,,,25/09/2026 04:33
efbe12c9-a1a6-4fde-a1d2-bbff22021e43,alterable.menu,available,27.99,27.99,high,low,9,namesilo,,,22/09/2026 02:18
3fbfb6dc-34bd-4b2b-a9b2-817e41520da3,bluewing.menu,available,27.99,27.99,medium,low,8,namesilo,,,19/09/2026 02:57
3f206346-538e-4567-9de3-096b1daa0df9,cinderella.menu,available,27.99,27.99,high,low,10,namesilo,,,
db811885-f89e-4058-8f6c-17ccd8babaa5,barium.menu,available,27.99,27.99,high,low,6,namesilo,,,20/09/2026 23:19
e3511fca-8bc7-40ea-8049-27ac4b656c4f,kanaf.menu,available,34.98,38.98,medium,low,5,namecheap,,,23/09/2026 16:56
335ec902-ecb2-4cbd-9657-afc6d0ccaa7e,unlatched.menu,available,27.99,27.99,medium,low,9,namesilo,,,12/09/2026 01:38
3b0e7f8b-0dbb-4e40-8404-136df00fd4a5,bagdad.menu,available,,,medium,low,6,,,,
437e9e54-c21e-44a5-946b-75ad88e5cde7,akha.menu,available,27.99,27.99,medium,low,4,namesilo,,,17/09/2026 23:55
ba1a2876-aa63-4b9b-90ad-6e4d847c95fa,fla.menu,available,,,high,low,3,,,,
9b9d2801-a491-4f89-af4a-791fe587ea92,cursively.menu,available,27.99,27.99,medium,low,9,namesilo,,,14/09/2026 10:07
1e5ec148-0947-4a5d-b6c9-22144325dea3,notability.menu,available,27.99,27.99,high,low,10,namesilo,,,03/09/2026 22:04
21bffef5-f1ff-4759-a4ec-d3dba554ff5c,forceful.menu,available,27.99,27.99,high,low,8,namesilo,,,18/08/2026 11:13
9bb37652-5094-4cdd-8b10-e5528bcfe860,dusts.menu,available,27.99,27.99,low,low,5,namesilo,,,21/09/2026 01:44
2599fa90-225e-47e4-8aec-183678633e4b,richelieu.menu,available,27.99,27.99,medium,low,9,namesilo,,,20/09/2026 06:31
baa27005-53a5-428f-8ce9-3c917f3f38ca,statuesque.menu,available,27.99,27.99,high,low,10,namesilo,,,22/08/2026 14:32
738d352f-5c91-4356-ad17-98d0f5fc30d8,irritable.menu,available,27.99,27.99,medium,low,9,namesilo,,,25/09/2026 11:30
289f9312-be3d-4126-b189-9f5e5492eac8,collapses.menu,available,27.99,27.99,low,low,9,namesilo,,,20/09/2026 09:36
ebe430b5-ab49-46de-9314-8f2538d5307e,crowing.menu,available,27.99,27.99,medium,low,7,namesilo,,,10/08/2026 16:37
3271433b-887e-40d7-b363-a3101ed7c8c2,bedpost.menu,available,34.98,38.98,high,low,7,namecheap,,,22/09/2026 23:29
c24b2feb-2fb7-4fa8-8624-4f968778503a,modifiable.menu,available,27.99,27.99,medium,low,10,namesilo,,,25/08/2026 03:12
ac4b195f-5cdb-4954-a7ac-8f028e0eb02f,solved.menu,available,27.99,27.99,high,low,6,namesilo,,,10/09/2026 13:46
e600781c-3226-4833-a96e-e6699b1bdec2,abuser.menu,available,34.98,38.98,medium,low,6,namecheap,,,16/09/2026 19:17
200e0d25-6752-4952-a89f-e8634a0ac3e1,ovarian.menu,available,34.98,38.98,medium,low,7,namecheap,,,04/09/2026 19:55
c2e3abb3-9619-4964-9828-6ab6df834486,hydroxy.menu,available,27.99,27.99,medium,low,7,namesilo,,,21/08/2026 16:25
14a52148-9558-4bc6-8639-06cbc440a417,ambuscade.menu,available,27.99,27.99,medium,low,9,namesilo,,,24/08/2026 12:31
b39e3b7b-4813-4f7e-94c5-eb997d4556e9,rubbery.menu,available,34.98,38.98,medium,low,7,namecheap,,,20/08/2026 20:09
f6b3f182-7c7b-4650-960d-4afa2c9f30bd,agronomy.menu,available,34.98,38.98,high,low,8,namecheap,,,17/09/2026 19:42
84ac0f02-47bb-4155-b0a6-b11c1f893116,bulky.menu,available,34.98,38.98,medium,low,5,namecheap,,,23/09/2026 10:36
cfe656c8-855e-4810-9280-a668a1f9a6ce,schneider.menu,available,,,high,low,9,,,,
dbd81752-2551-4316-9b00-8f31892c6606,scam.menu,available,27.99,27.99,high,low,4,namesilo,,,14/09/2026 08:03
e89d8a7f-6636-4adf-a352-7b158ed5d2f5,cathectic.menu,available,27.99,27.99,medium,low,9,namesilo,,,11/08/2026 21:45
55ab17cb-df12-4a2f-ad7e-8fb85e2621ec,dove.menu,available,27.99,27.99,high,low,4,namesilo,,,10/09/2026 17:16
fd37c4f1-bf6d-42dd-8c4a-e5c8126759f0,lions.menu,available,27.99,27.99,high,low,5,namesilo,,,
c1fd07be-b99f-49e0-a46c-5fe4700c0127,admissible.menu,available,27.99,27.99,high,low,10,namesilo,,,
c45a6576-bc31-40ca-9cb4-60a61585cffb,springbok.menu,available,27.99,27.99,medium,low,9,namesilo,,,19/09/2026 14:19
2fc06d14-4bfe-4bb9-8b73-9995fdee2acd,northman.menu,available,34.98,38.98,medium,low,8,namecheap,,,03/09/2026 21:21
e624ab16-2058-4403-82f0-f84015f2d448,drippy.menu,available,27.99,27.99,medium,low,6,namesilo,,,09/08/2026 00:32
0d59baf9-3f4c-4cb6-96ed-c717f0d314e2,unshaved.menu,available,27.99,27.99,low,low,8,namesilo,,,12/09/2026 19:42
c26960c9-33d3-4e7b-b552-222f017ff9d5,thrashing.menu,available,27.99,27.99,medium,low,9,namesilo,,,13/09/2026 07:54
f9608523-241e-4875-a83b-3817bccc1dc4,pediatrist.menu,available,27.99,27.99,high,low,10,namesilo,,,21/09/2026 13:27
e6c23cd1-aef0-4d18-a957-4c6d0dbcb608,shadow.menu,available,27.99,27.99,high,low,6,namesilo,,,
5104eb54-cfe5-482d-8da6-e2f81bc7ead1,kudos.menu,available,27.99,27.99,high,low,5,namesilo,,,
1f1bb138-6726-4fd6-991b-9b43a8f16b1e,dads.menu,available,34.98,38.98,high,low,4,namecheap,,,20/09/2026 10:27
822f1f9d-7214-461f-9f89-327fc39bc1db,measurably.menu,available,27.99,27.99,medium,low,10,namesilo,,,15/09/2026 13:50
0b4fc837-4724-4eee-8328-f29d365d5552,rebellious.menu,available,27.99,27.99,medium,low,10,namesilo,,,14/08/2026 09:25
a200b3e8-574e-4712-9d46-dc0d84997d58,arca.menu,available,27.99,27.99,high,low,4,namesilo,,,20/09/2026 01:31
51b68ae4-12a9-434c-844d-581934330e1c,fosamax.menu,available,34.98,38.98,medium,low,7,namecheap,,,18/09/2026 05:11
b344663c-1749-4d2c-93ed-11c100c07240,sapphirine.menu,available,34.98,38.98,high,medium,10,namecheap,,,09/09/2026 21:22
e96c7345-24ef-4fa6-85cd-c07f96ee0871,vise.menu,available,27.99,27.99,medium,low,4,namesilo,,,23/09/2026 07:37
a40cfa2f-cf67-453a-8971-0b72616f3eca,rod.menu,available,,,high,low,3,,,,
4eafbbd2-26a1-49cf-9fdd-b0636b1ec21b,advisory.menu,available,27.99,27.99,high,low,8,namesilo,,,
5efc2eab-0594-4ff3-8360-7c6b7b9c2c90,bollard.menu,available,27.99,27.99,medium,low,7,namesilo,,,23/09/2026 22:48
170c54ec-20a7-43ec-bed4-6bf7a624419d,rolled.menu,available,34.98,38.98,high,low,6,namecheap,,,18/08/2026 18:46
d028b7cb-0eb0-4c23-ab8f-719133ef1e66,ageless.menu,available,27.99,27.99,high,low,7,namesilo,,,
ac1a908c-57b3-4e76-a1b6-f07d84ec9214,blithe.menu,available,27.99,27.99,high,low,6,namesilo,,,10/08/2026 14:37
8c249a8f-145f-4a53-9496-dd69a199fdc2,adad.menu,available,27.99,27.99,medium,low,4,namesilo,,,17/09/2026 06:02
46ffa145-b845-4ae2-aa2a-57b4bb180af8,skinless.menu,available,27.99,27.99,medium,low,8,namesilo,,,10/09/2026 09:42
73199e8f-2372-4f98-9e31-dbba4f877000,club.menu,available,,,high,low,4,,,,
9f1d8c34-2076-46e1-9a81-985197e0ceb9,unflawed.menu,available,27.99,27.99,medium,low,8,namesilo,,,18/08/2026 07:21
92a318a3-f077-41c7-9930-d54fcfb9c1cb,indirectly.menu,available,27.99,27.99,medium,low,10,namesilo,,,15/09/2026 07:58
78b8d55e-1fa2-466b-b00a-2d7266002617,alloyed.menu,available,27.99,27.99,high,low,7,namesilo,,,
1a230b4d-5005-4ddd-a6ee-60b17acf663e,wastefully.menu,available,27.99,27.99,medium,low,10,namesilo,,,15/09/2026 21:36
d77b5287-6368-4b77-87a6-6fba4042bf7d,unimportant.menu,available,27.99,27.99,medium,low,11,namesilo,,,
a4c36160-4bf0-4a63-bee6-08431d3c48af,antithesis.menu,available,34.98,38.98,medium,low,10,namecheap,,,19/09/2026 15:11
73aeb5f6-eba6-4aff-b44e-c99e2514e234,such.menu,available,27.99,27.99,high,low,4,namesilo,,,
59914e51-3570-4174-b7c9-bf9a15448b62,opposed.menu,available,27.99,27.99,high,low,7,namesilo,,,04/09/2026 16:45
3f21070e-b607-45e7-9d62-f5a23b1ea201,yugoslav.menu,available,27.99,27.99,high,high,8,namesilo,,,13/09/2026 14:51
82eab991-3ecf-43d0-ad43-a3e8e7ddd5c6,baldness.menu,available,27.99,27.99,medium,low,8,namesilo,,,21/09/2026 21:44
e69f2267-40e5-4537-a91f-98afc229de9c,unready.menu,available,34.98,38.98,medium,low,7,namecheap,,,12/09/2026 17:53
4c6f8f73-8972-438c-9690-d9a1ebeec613,ungroomed.menu,available,27.99,27.99,low,low,9,namesilo,,,12/09/2026 11:34
469975dc-8e82-45ae-b7aa-46372706844b,ugandan.menu,available,27.99,27.99,high,low,7,namesilo,,,11/09/2026 22:40
25e6d6dd-44c3-464b-b5c5-0891dfa6b532,seemed.menu,available,27.99,27.99,medium,low,6,namesilo,,,18/09/2026 01:00
81a9f8a4-dfec-4d06-8362-5a08dd1851fe,hertzian.menu,available,27.99,27.99,medium,low,8,namesilo,,,21/08/2026 07:14
1deec291-ec4d-4f4d-9fa1-333859bc2c5b,dullard.menu,available,27.99,27.99,low,low,7,namesilo,,,10/09/2026 23:07
dd8c2003-ce68-4277-8472-f1e8b40b93c9,rican.menu,available,34.98,38.98,high,low,5,namecheap,,,25/09/2026 13:13
d1d5b1a6-5764-4119-bf9b-9ba064758d65,blackpoll.menu,available,34.98,38.98,medium,low,9,namecheap,,,24/09/2026 02:54
571d6474-bbc2-40bc-8b78-58ecc4b1ea2a,athlete.menu,available,27.99,27.99,high,low,7,namesilo,,,
7b9b1e28-80ea-4b07-a0db-afee1f2cac25,damascene.menu,available,44.99,46.99,medium,low,9,name.com,,,13/08/2026 16:07
4ce5c71c-865f-40b5-9daf-ef5a75fea0db,standon.menu,available,27.99,27.99,medium,low,8,namesilo,,,
339f9a96-c538-42f9-bec5-6bc6f8707bc7,identifier.menu,available,27.99,27.99,high,low,10,namesilo,,,
1ac9ac9e-3323-49c3-934e-0b61cdd68ac7,boaster.menu,available,27.99,27.99,medium,low,7,namesilo,,,11/08/2026 01:18
922615fa-b609-4d5a-a725-1bf224edb30c,frizzly.menu,available,27.99,27.99,medium,low,7,namesilo,,,18/08/2026 16:06
93ecc280-6f44-432e-8095-6b8b83f4303b,commodious.menu,available,34.98,38.98,high,low,10,namecheap,,,12/08/2026 19:10
b5e394b7-700a-4b99-92e3-ca7ca99adddf,exonerated.menu,available,27.99,27.99,high,low,10,namesilo,,,
bea4cf0a-e493-4d42-b2de-f49ea1a81091,acts.menu,available,27.99,27.99,high,low,4,namesilo,,,
741b6b59-a29c-41ec-bd13-c467fccbd3d6,scope.menu,available,27.99,27.99,high,low,5,namesilo,,,18/09/2026 16:44
6268f3cb-449f-4ee7-a619-e8ebf64e8c2d,damage.menu,available,27.99,27.99,high,low,6,namesilo,,,25/09/2026 04:36
0707f54a-ae25-4db5-bd9e-de96edee46a4,actuation.menu,available,27.99,27.99,medium,low,9,namesilo,,,17/09/2026 05:23
1dc5d941-48ee-442b-b9c7-1bdcd5d3bf94,primeval.menu,available,27.99,27.99,high,low,8,namesilo,,,09/09/2026 02:02
bf5e58a7-dcf8-44dd-a471-7eb9f4e1773d,mostly.menu,available,27.99,27.99,high,low,6,namesilo,,,
cad0f5fa-592d-4439-8ba3-d64edda64f45,campana.menu,available,27.99,27.99,high,low,7,namesilo,,,23/09/2026 05:51
d4ff7ede-8004-4600-81ea-e93220767c18,redbrush.menu,available,27.99,27.99,medium,low,8,namesilo,,,18/09/2026 19:44
7ee1b8cf-3c60-4caa-b6a4-c69bdef45c5b,variegate.menu,available,27.99,27.99,medium,low,9,namesilo,,,25/08/2026 08:26
a401b550-50d4-46b0-9b8c-f53271dea2a6,ccc.menu,available,27.99,27.99,high,medium,3,namesilo,,,
3ac2cb28-1d3d-4b32-b97b-a51b560cbe2f,bullheaded.menu,available,27.99,27.99,medium,low,10,namesilo,,,11/08/2026 08:30
d2c50987-9ff4-4058-9afe-816ae9c1f91f,nihilist.menu,available,27.99,27.99,medium,low,8,namesilo,,,19/09/2026 02:26
ab599b1a-44c2-48ca-be5c-535a3a81b933,accounted.menu,available,27.99,27.99,medium,low,9,namesilo,,,
a382ddbb-de2d-4fda-be46-25a8ce9ee157,darkening.menu,available,44.99,46.99,medium,low,9,name.com,,,13/08/2026 18:10
eada0789-4b33-4248-8014-77c89c623128,agiotage.menu,available,34.98,38.98,medium,low,8,namecheap,,,17/09/2026 18:03
57fd66d4-8ff2-4dc0-bb39-83e462e5959b,pluperfect.menu,available,27.99,27.99,medium,low,10,namesilo,,,08/09/2026 22:00
ac0b7e9f-4d8d-484a-9ecb-f1bebdd45b56,outgoing.menu,available,27.99,27.99,high,low,8,namesilo,,,18/08/2026 12:37
9c0955eb-cd4e-4b84-9ae2-2659acb02db6,tang.menu,available,27.99,27.99,high,low,4,namesilo,,,24/09/2026 01:32
e3249d5d-4bf7-4868-839a-2ba4297014d0,harmonious.menu,available,27.99,27.99,high,low,10,namesilo,,,21/08/2026 01:03
8d12e155-97f6-418a-96cd-8c451033b9b1,introductions.menu,available,27.99,27.99,medium,low,13,namesilo,,,20/09/2026 22:09
db003023-9180-4483-919c-2c5231e17d60,withered.menu,available,34.98,38.98,medium,low,8,namecheap,,,14/08/2026 19:11
b6402127-d161-4791-b759-0ef5abb78e2e,veer.menu,available,27.99,27.99,high,low,4,namesilo,,,
d1ba510a-6d86-48d5-a5b6-9a4f344871c0,smoggy.menu,available,27.99,27.99,medium,low,6,namesilo,,,10/09/2026 11:52
893e7acc-42c2-4890-ba3c-9a21151e49fa,observer.menu,available,27.99,27.99,high,low,8,namesilo,,,
e38356ff-3aa9-459e-9f83-f4622d9ceb4c,shrewd.menu,available,27.99,27.99,high,low,6,namesilo,,,22/09/2026 10:37
35e12cac-afbe-4878-8f02-79eda0a3a2fc,postmortem.menu,available,27.99,27.99,high,low,10,namesilo,,,09/09/2026 00:31
6ef66c75-f817-45a6-9555-4efa141fb5f6,consulting.menu,available,,,high,low,10,,,,
1c7a54ef-79f4-4daf-8267-5617203359e4,planners.menu,available,27.99,27.99,medium,low,8,namesilo,,,21/09/2026 08:32
296b9111-0860-462d-a74f-29a11ad0a50d,effortless.menu,available,27.99,27.99,high,low,10,namesilo,,,15/08/2026 16:21
37723cce-e6b1-4249-b778-1d14c50d03bc,beckett.menu,available,27.99,27.99,high,low,7,namesilo,,,22/09/2026 22:39
6f2758e3-bd6b-4a71-a206-9173c5e46e63,admirer.menu,available,27.99,27.99,high,low,7,namesilo,,,17/09/2026 08:56
ef18e80e-056b-4e50-a03a-cd010400b1f1,impartial.menu,available,27.99,27.99,high,low,9,namesilo,,,21/08/2026 21:45
5e5df0a9-c3cb-4c76-9c2f-1c6fa8d196aa,sudden.menu,available,27.99,27.99,high,low,6,namesilo,,,
f8fa7318-c539-4d06-9450-2df4eec85505,philadelphia.menu,available,,,high,low,12,,,,
b2f4c4ba-b1d2-4aa1-b5c5-d36799c47d42,mordant.menu,available,27.99,27.99,high,low,7,namesilo,,,13/08/2026 02:11
bcc3e9fc-e165-4428-9c5f-8bf87fe0f50b,grounds.menu,available,34.98,38.98,high,low,7,namecheap,,,24/09/2026 20:34
d5f0c9e5-ed67-4c1f-8e03-dc858b7a4815,currish.menu,available,27.99,27.99,low,low,7,namesilo,,,13/08/2026 11:31
81676c00-45d2-4479-8505-a892bd320d2a,hectically.menu,available,34.98,38.98,medium,low,10,namecheap,,,14/09/2026 20:02
b3c9acc8-c416-4919-9cb8-47251dbeed9e,birch.menu,available,27.99,27.99,high,low,5,namesilo,,,10/08/2026 05:53
938bc05d-eea0-467e-b9ab-32061b767050,hangbird.menu,available,34.98,38.98,medium,low,8,namecheap,,,22/09/2026 00:20
df57c606-b5a7-4ff8-8cbc-5599ac24fac5,monarchal.menu,available,27.99,27.99,medium,low,9,namesilo,,,25/08/2026 04:07
9d0ad638-f1b2-43ee-b385-5babf6f2a1eb,young.menu,available,,,high,low,5,,,,
8e597447-48e6-42b5-a680-7b001f2f7abe,nifty.menu,available,27.99,27.99,high,low,5,namesilo,,,08/08/2026 12:38
8224da4f-9fd5-425b-b594-50d1d42db259,foul.menu,available,27.99,27.99,high,low,4,namesilo,,,
9a19c6a5-2251-41bf-910d-d1680df84e3a,whimsical.menu,available,27.99,27.99,high,low,9,namesilo,,,13/09/2026 11:24
8e6dbab3-8d8c-433c-84b3-bcba5e3dd611,carry.menu,available,27.99,27.99,high,low,5,namesilo,,,
700f8418-2f64-455d-af64-56ee6c5a69fb,furrowed.menu,available,34.98,38.98,medium,low,8,namecheap,,,18/08/2026 18:55
3911fc94-7f1f-475a-9a1c-9a725e4adb27,fruitcake.menu,available,27.99,27.99,medium,low,9,namesilo,,,10/09/2026 00:13
fa5682da-25ae-4e09-a8cc-c3fa9d97f2d5,trashy.menu,available,27.99,27.99,medium,low,6,namesilo,,,18/08/2026 06:44
78d6a15a-79d1-49e0-9993-8d3cf5b0e73f,untouched.menu,available,27.99,27.99,high,low,9,namesilo,,,12/09/2026 13:20
8627126b-25c8-4d9a-bd52-3a3fa30d3ab1,ragee.menu,available,27.99,27.99,medium,low,5,namesilo,,,17/09/2026 15:18
7ba85efd-4feb-4c2e-a15a-09c9518df6c8,something.menu,available,38.98,,high,low,9,namecheap,,,
6c62fc58-cd99-40d9-a5c3-81c4a196cab0,characters.menu,available,38.98,,medium,low,10,namecheap,,,
a14c1895-efa5-449e-91c5-1bf9009960c5,applicant.menu,available,34.98,38.98,high,low,9,namecheap,,,19/09/2026 21:53
09aff3c6-8ef9-4e52-9003-e80fad8f69c2,runabout.menu,available,27.99,27.99,high,low,9,namesilo,,,
e2694d9a-895a-42fa-92b9-d99fd330c40d,fiend.menu,available,27.99,27.99,high,low,5,namesilo,,,17/08/2026 21:54
1c62f2e9-651a-4d8c-8df6-9a908c3309cc,descendent.menu,available,27.99,27.99,medium,low,10,namesilo,,,14/08/2026 03:16
f427a6ed-bc41-47fa-ae9b-807c30dd6202,sulphuric.menu,available,27.99,27.99,medium,low,9,namesilo,,,11/09/2026 01:27
b1753d86-80bf-43c1-8b5a-1be0d88b1593,puglia.menu,available,27.99,27.99,high,low,6,namesilo,,,19/09/2026 22:41
39bb9a55-44c7-410f-aeb2-c56826c8ecbc,sublunary.menu,available,27.99,27.99,medium,low,9,namesilo,,,12/08/2026 08:28
2a0aed9e-33bd-41e7-bf7f-819b330c24a7,ursine.menu,available,27.99,27.99,low,low,6,namesilo,,,12/09/2026 23:53
b92566e0-dc01-49e9-afec-f1a1c96e9723,slowly.menu,available,27.99,27.99,high,low,6,namesilo,,,22/08/2026 23:55
a520652c-d9fa-428d-b274-1907e26159d6,basketful.menu,available,27.99,27.99,medium,low,9,namesilo,,,22/09/2026 11:27
756346fd-774b-4502-8c82-87c5925a5a5e,columbo.menu,available,34.98,38.98,medium,low,7,namecheap,,,18/09/2026 19:32
fba2e172-3083-4d77-a35c-f112a38377e6,deluge.menu,available,27.99,27.99,medium,low,6,namesilo,,,24/09/2026 16:03
f2aef424-6da7-4178-806d-60a62ea998a0,aching.menu,available,27.99,27.99,medium,low,6,namesilo,,,
2f1f104e-2d0f-4590-a1df-cf571df225e5,amide.menu,available,34.98,38.98,high,low,5,namecheap,,,18/09/2026 21:35
ea9849dd-c028-4cbd-a978-9596c3096dca,caption.menu,available,27.99,27.99,high,low,7,namesilo,,,24/09/2026 12:41
22645897-9fd7-47a9-a39c-61aa02a25422,miri.menu,available,27.99,27.99,high,low,4,namesilo,,,16/09/2026 16:35
e1f29712-ada9-4f43-8605-48a66585231f,monaural.menu,available,27.99,27.99,medium,low,8,namesilo,,,25/08/2026 04:20
87b1257f-d0a6-46ae-bf17-db7dbf12da5d,edirne.menu,available,34.98,38.98,medium,low,6,namecheap,,,17/09/2026 10:01
0b242ec4-d134-4a5a-9442-033936362d5e,abstemious.menu,available,27.99,27.99,medium,low,10,namesilo,,,
952d220e-8554-46a1-abfa-165c7e2a8308,humdrum.menu,available,27.99,27.99,medium,low,7,namesilo,,,21/08/2026 15:05
be624659-a3f7-40e3-8c13-20b0855d8fa5,modem.menu,available,38.98,,high,low,5,namecheap,,,
1e3f41f3-dee2-4f01-9279-aa610167fefe,whimsey.menu,available,27.99,27.99,medium,low,7,namesilo,,,20/09/2026 00:43
ec67f65b-1b04-4c15-a1b1-ec281327cd9a,aspiration.menu,available,27.99,27.99,high,low,10,namesilo,,,18/09/2026 16:53
a40e35f0-e136-44ce-b010-77b2213a7804,hand.menu,available,,,high,low,4,,,,
744f6c30-d825-4a04-8d2e-27591715eff2,ternion.menu,available,27.99,27.99,medium,low,7,namesilo,,,
759ddb4b-b26e-4bf6-96a3-dea3b3d1c0aa,fundament.menu,available,27.99,27.99,medium,low,9,namesilo,,,09/08/2026 10:59
f313a94f-ce16-43ff-a2b9-b4659c5751ce,reposeful.menu,available,27.99,27.99,medium,low,9,namesilo,,,09/09/2026 13:28
2424b105-9cbb-4a1d-9503-c47f07b6d2c8,breakfasts.menu,available,27.99,27.99,high,low,10,namesilo,,,20/09/2026 13:21
3c367659-556d-4f97-9027-0b80b3eb574c,counting.menu,available,27.99,27.99,high,low,8,namesilo,,,25/09/2026 04:26
5047234a-9332-4bc4-a716-0f400685e141,possible.menu,available,27.99,27.99,high,low,8,namesilo,,,
d5ecb617-c85c-441c-a79a-27afca7870b5,shackled.menu,available,27.99,27.99,medium,low,8,namesilo,,,18/08/2026 02:56
cd37520b-2549-4305-b16f-00353b8d4cc6,descend.menu,available,27.99,27.99,high,low,7,namesilo,,,
b3573f64-d3f7-446c-bf4f-6c0fd9219daa,dimension.menu,available,27.99,27.99,high,low,9,namesilo,,,21/09/2026 02:17
efed99ea-6fa3-41f5-ac5b-aef90d1e8bfa,driven.menu,available,27.99,27.99,high,low,6,namesilo,,,14/08/2026 19:34
fa1bfa70-3ab3-4cf2-870f-4a5dd02c2394,directly.menu,available,27.99,27.99,high,low,8,namesilo,,,24/09/2026 10:41
787ada18-dd19-468c-9197-94fc65292f7f,overtime.menu,available,27.99,27.99,high,low,8,namesilo,,,
59ce06b6-a75c-4adc-bbbb-e4b5700246c1,piano.menu,available,27.99,27.99,high,low,5,namesilo,,,
3701a65d-cbf4-4271-a002-f8c16a317a12,boris.menu,available,34.98,38.98,high,low,5,namecheap,,,25/09/2026 20:39
29652338-034b-4b1e-a1f3-87d1deb54fe7,silhouettes.menu,available,27.99,27.99,medium,low,11,namesilo,,,20/09/2026 11:57
d6d70604-5a43-40c4-b427-608e475f6cdd,multiflora.menu,available,34.98,38.98,high,low,10,namecheap,,,21/09/2026 13:38
043a421d-553d-42bf-8ced-384998f5d59a,acquire.menu,available,27.99,27.99,high,low,7,namesilo,,,25/09/2026 03:22
156e6dd5-1e0f-41de-8d3d-bb8f419c251a,facet.menu,available,27.99,27.99,high,low,5,namesilo,,,
5a0d2c71-2d2b-4141-98cd-0e86ea80f16a,oblate.menu,available,27.99,27.99,medium,low,6,namesilo,,,03/09/2026 23:35
19b94603-52c3-4b6b-ac34-2798c1d4bd1c,pansy.menu,available,27.99,27.99,medium,low,5,namesilo,,,09/09/2026 08:07
ab895715-914d-48ad-b0ca-da163b5a37c5,illiteracy.menu,available,27.99,27.99,medium,low,10,namesilo,,,19/09/2026 01:54
0ff6914a-d946-41fd-99b2-d46d460c57bb,downside.menu,available,27.99,27.99,medium,low,8,namesilo,,,24/09/2026 23:40
8ac9a39f-0dc7-4714-b0d9-f791d02585d9,toothy.menu,available,27.99,27.99,medium,low,6,namesilo,,,11/09/2026 17:20
6141c9f8-26d9-4d3e-9cbe-0255f6fda8ec,promoter.menu,available,27.99,27.99,high,low,8,namesilo,,,
f1e11bd0-a28b-46b1-b60b-37c467405917,conserved.menu,available,27.99,27.99,high,low,9,namesilo,,,12/08/2026 22:38
a81ea4b7-6f7c-4045-8dee-f3787312a357,squawky.menu,available,27.99,27.99,low,low,7,namesilo,,,11/08/2026 12:26
b5b9350d-db98-4b7f-aad5-3aae762e0d86,gamba.menu,available,34.98,38.98,medium,low,5,namecheap,,,22/09/2026 11:54
c241835b-6b14-4ef9-9584-e7ce03193998,appalling.menu,available,27.99,27.99,medium,low,9,namesilo,,,06/08/2026 04:31
0860da27-b01f-4055-848f-b55cb8fb7d08,limpid.menu,available,27.99,27.99,high,low,6,namesilo,,,13/08/2026 09:41
b1583e8d-475d-4551-9c10-918ef312e11e,malformed.menu,available,27.99,27.99,medium,low,9,namesilo,,,13/08/2026 23:43
632d47a8-4ad3-4307-9e1d-d6f70467e70e,configured.menu,available,27.99,27.99,high,low,10,namesilo,,,12/08/2026 20:47
41944280-57f4-4e4b-be8e-b92ee74380fb,islands.menu,available,,,high,low,7,,,,
2dac9edd-a1a1-4fd6-a929-a199570e5eb0,immovable.menu,available,34.98,38.98,medium,low,9,namecheap,,,21/08/2026 21:17
4b0dcd30-878b-47a1-adf0-55ab4c81299d,chaff.menu,available,27.99,27.99,medium,low,5,namesilo,,,22/08/2026 13:50
bab1956e-e586-44c8-9fc0-5a0a8875508a,bosses.menu,available,27.99,27.99,medium,low,6,namesilo,,,18/09/2026 05:55
6b0783da-2893-4964-b565-ab083fd35a78,determined.menu,available,27.99,27.99,high,low,10,namesilo,,,24/09/2026 07:38
e4bd2569-6f56-4c71-b1cf-dabe1d125e40,ackack.menu,available,27.99,27.99,medium,low,7,namesilo,,,
1f63067b-887d-4513-9a16-d0e789efd343,award.menu,available,27.99,27.99,high,low,5,namesilo,,,
dd28219e-8087-400a-bfb2-796c828ca360,steam.menu,available,38.98,,high,medium,5,namecheap,,,
e20d2a51-0705-4b6f-9aad-939949787c4d,seven.menu,available,,,high,medium,5,,,,
1ae26fee-3272-4117-9391-6f87add5bf76,clearly.menu,available,27.99,27.99,high,low,7,namesilo,,,
e8ea3fb6-d4e6-45f8-97e3-2075c62904f3,nana.menu,available,27.99,27.99,high,low,4,namesilo,,,
f19d90d3-2140-4b7a-95d5-8413817f3e01,autogyro.menu,available,27.99,27.99,medium,low,8,namesilo,,,21/09/2026 06:23
df5903fa-5333-4081-96f4-6dcf7a9d56cc,detox.menu,available,,,high,low,5,,,,
8efc76c0-3b52-4051-9cee-cd8a8c92e8c3,alyssum.menu,available,34.98,38.98,medium,low,7,namecheap,,,18/09/2026 15:23
df432688-0c5a-4a67-abb8-3c999062fe01,stepson.menu,available,38.98,,high,low,7,namecheap,,,
354f9c95-719e-4ab5-b304-09e15a641f5a,azonic.menu,available,27.99,27.99,medium,low,6,namesilo,,,08/08/2026 02:32
26723111-abd4-4b34-9af8-569596b0fefb,tenuous.menu,available,27.99,27.99,medium,low,7,namesilo,,,11/09/2026 11:41
0c489a68-c640-458b-8d74-eda6de713a55,plays.menu,available,44.99,46.99,medium,low,5,name.com,,,18/09/2026 05:50
988651ea-c47f-4ab0-85f6-1357497cf1cb,owing.menu,available,27.99,27.99,medium,low,5,namesilo,,,
e579c9ad-b3d8-4820-ae16-5160e5f4361e,listen.menu,available,27.99,27.99,high,low,6,namesilo,,,
c5d36269-7b19-4d19-b961-db9263588b26,deadlines.menu,available,27.99,27.99,medium,low,9,namesilo,,,21/09/2026 08:50
8e87ee49-6d5f-4a46-8766-9ddf74d679ac,dijon.menu,available,27.99,27.99,high,low,5,namesilo,,,24/09/2026 22:19
6d4f433e-69df-46c3-991c-f25c7fc3243f,vatic.menu,available,27.99,27.99,low,low,5,namesilo,,,14/08/2026 13:52
6de84005-f0e8-4609-8cd6-8ec289244568,sunbelt.menu,available,38.98,,high,low,7,namecheap,,,
61cfdc94-89e9-4886-b486-81f2f8c5a095,jumpy.menu,available,27.99,27.99,medium,low,5,namesilo,,,11/08/2026 09:53
b68cf3c7-5e33-4a6b-b873-792a19c45d85,ticking.menu,available,38.98,,high,low,7,namecheap,,,
9a9a3cda-aec4-4524-93b9-57950003e5d6,dwell.menu,available,27.99,27.99,high,low,5,namesilo,,,24/08/2026 07:49
dfd7ab45-1358-4ba7-882e-824e14c78837,whole.menu,available,27.99,27.99,high,low,5,namesilo,,,22/09/2026 00:29
9ddec1b5-a597-4820-b4f7-11bc1ef6bc76,xlii.menu,available,27.99,27.99,medium,low,4,namesilo,,,
860b77e4-72d1-48db-ac39-158d9499c9df,dais.menu,available,27.99,27.99,high,low,4,namesilo,,,18/09/2026 17:12
eb6515b4-45a7-4467-bb92-8c822c269932,graphics.menu,available,,,high,low,8,,,,
a3f4dcb3-75ac-4705-82ae-99e5343dd927,evermore.menu,available,27.99,27.99,high,low,8,namesilo,,,14/09/2026 16:19
09ce9c38-3957-4008-abca-4bf6ef948d07,toy.menu,available,,,high,low,3,,,,
741cd19f-7053-45e7-9659-6da59e4d29d3,rhetorical.menu,available,27.99,27.99,high,low,10,namesilo,,,09/09/2026 16:37
6392999a-ec46-4fb9-89aa-807c9ee79789,softly.menu,available,27.99,27.99,high,low,6,namesilo,,,
ff4a3aca-c6db-41d0-b86e-7bb8cc0ddc44,zodiacal.menu,available,27.99,27.99,medium,low,8,namesilo,,,13/09/2026 15:23
045a256d-887a-4303-957c-6ac2c60a8735,flattened.menu,available,27.99,27.99,medium,low,9,namesilo,,,18/08/2026 06:55
2fa9051d-efcf-4167-86c0-53169c703952,asteraceae.menu,available,27.99,27.99,medium,low,10,namesilo,,,20/09/2026 17:03
81aee21a-c089-4386-98a7-58678481f87d,purses.menu,available,27.99,27.99,medium,low,6,namesilo,,,20/09/2026 11:07
8258df86-d790-4efd-9833-dc45287ba084,winy.menu,available,27.99,27.99,medium,low,4,namesilo,,,13/09/2026 12:25
99b3dc09-99bf-4cf2-814d-a21122de6977,trolling.menu,available,27.99,27.99,medium,low,8,namesilo,,,
3ade30ee-bd89-4844-a56e-aadf0a36761b,pushing.menu,available,27.99,27.99,high,low,7,namesilo,,,
66141923-ce44-4e5e-b04b-f21ad08dfca8,devoured.menu,available,34.98,38.98,low,low,8,namecheap,,,19/09/2026 23:51
a0b39036-10c1-4624-ba28-ac6bb5f699de,littler.menu,available,27.99,27.99,medium,low,7,namesilo,,,24/08/2026 07:33
5c3a9384-779f-4155-86ec-d571deb3840a,stunningly.menu,available,27.99,27.99,medium,low,10,namesilo,,,16/09/2026 06:09
d9e070c3-3dfd-4f46-b7cb-74877bcd0fae,allergist.menu,available,27.99,27.99,medium,low,9,namesilo,,,
2ab8f8e8-e6ad-4f5a-8062-ca4e540d5ff5,breastfeed.menu,available,27.99,27.99,high,low,11,namesilo,,,
79cac38d-4f5a-4a5d-b6dd-be1bf03be749,ignite.menu,available,27.99,27.99,high,low,6,namesilo,,,
c270d906-753f-4a14-bdd7-c9ef48cff27d,denny.menu,available,44.99,46.99,high,low,5,name.com,,,25/09/2026 15:22
d8c8aac3-2513-4870-885d-507cc15e51e1,ringed.menu,available,,,high,low,6,,,,
efc77883-9ddd-4e55-9106-954513b75717,cords.menu,available,34.98,38.98,medium,low,5,namecheap,,,24/09/2026 18:14
82a5a51a-c989-4a1d-b1bc-ef205c4f7696,temerity.menu,available,34.98,38.98,medium,low,8,namecheap,,,21/09/2026 02:48
6ebdc055-b857-47ac-8c64-e97c027c81fd,moveable.menu,available,27.99,27.99,high,low,8,namesilo,,,25/08/2026 09:05
f719b631-b878-456a-ae59-6e0a4a249672,colorfast.menu,available,34.98,38.98,medium,low,9,namecheap,,,12/08/2026 17:50
0bf10c00-5155-4efc-bff4-85b1d5f31abe,undeserved.menu,available,27.99,27.99,medium,low,10,namesilo,,,12/09/2026 07:43
004a23eb-9abb-4417-ab18-cddf1b317685,pleased.menu,available,27.99,27.99,high,low,7,namesilo,,,
f916fd48-fe9e-4b02-952f-5b015ec1294f,references.menu,available,34.98,38.98,high,low,10,namecheap,,,18/09/2026 16:07
9bdc2847-1edb-4537-aa97-da2176cd848f,bookable.menu,available,34.98,38.98,high,low,8,namecheap,,,10/08/2026 19:04
7c0b1275-89c4-45a7-92f5-8af766f0b326,terrified.menu,available,27.99,27.99,medium,low,9,namesilo,,,
951e41ba-ff69-4c94-81c1-434ea649e1c8,bandy.menu,available,,,medium,low,5,,,,
bed2eb4a-e023-4243-b862-e13d057eb655,ilxxx.menu,available,34.98,38.98,medium,low,5,namecheap,,,
70775f95-90a5-48fc-b6f5-f668e468f8a5,useless.menu,available,27.99,27.99,high,low,7,namesilo,,,
3849d2ce-9e4c-494c-9f2a-f908271af2e4,gather.menu,premium,136.5,136.5,high,medium,6,namecheap,,,23/09/2026 20:27
fad5e930-dd38-4d8e-882a-15defd966756,wherever.menu,available,27.99,27.99,medium,low,8,namesilo,,,16/09/2026 11:29
f59d4d61-5a7e-4976-b9cb-82400fd555d2,writhing.menu,available,27.99,27.99,medium,low,8,namesilo,,,13/09/2026 13:45
5a2007b5-1e80-408f-989f-5d3f8ad4f084,nebulizer.menu,available,27.99,27.99,high,low,9,namesilo,,,21/09/2026 00:21